part_number,manufacturer,price,quantity
557 277,AS-PL,493.0,1.0
086 110,CLIMA PARTNER,89.0,8.0
226 132,TRW,207.0,4.0
226 132,TRW,207.0,2.0
399 897,HART,590.0,1.0
399 897,HART,590.0,4.0
478 175,SASIC,14.0,1.0
478 175,SASIC,14.0,2.0
349 454,SACHS,806.0,1.0
390 328,BOSCH,4.0,1.0
515 931,NGK,33.0,2.0
362 891,FILTRON,23.0,3.0
362 891,FILTRON,23.0,1.0
362 891,FILTRON,23.0,2.0
154 625,HART,22.0,1.0
154 625,HART,22.0,2.0
154 625,HART,22.0,4.0
470 412,FEBI BILSTEIN,140.0,1.0
470 412,FEBI BILSTEIN,140.0,2.0
520 950,DELPHI,41.0,1.0
239 805,NG,220.0,1.0
629 380,GATES,58.0,1.0
520 631,HART,163.0,1.0
520 631,HART,163.0,2.0
154 630,HART,16.0,3.0
154 630,HART,16.0,2.0
154 630,HART,16.0,1.0
154 630,HART,16.0,4.0
076 672,PROTEC,1127.0,3.0
076 672,PROTEC,1127.0,1.0
076 672,PROTEC,1127.0,2.0
038 412,BOLL,8.0,1.0
038 412,BOLL,8.0,6.0
038 412,BOLL,8.0,3.0
038 412,BOLL,8.0,4.0
038 412,BOLL,8.0,2.0
038 412,BOLL,8.0,7.0
038 412,BOLL,8.0,5.0
443 802,TEDGUM,11.0,2.0
476 530,KYB,115.0,4.0
476 530,KYB,115.0,2.0
476 530,KYB,115.0,1.0
476 530,KYB,115.0,6.0
600 533,NISSENS,345.0,1.0
622 912,HART,280.0,1.0
377 292,FEBI BILSTEIN,172.0,1.0
430 834,FEBI BILSTEIN,63.0,9.0
430 834,FEBI BILSTEIN,63.0,6.0
430 834,FEBI BILSTEIN,63.0,2.0
430 834,FEBI BILSTEIN,63.0,3.0
430 834,FEBI BILSTEIN,63.0,4.0
430 834,FEBI BILSTEIN,63.0,1.0
430 834,FEBI BILSTEIN,63.0,8.0
237 688,ICER,85.0,1.0
368 196,GATES,83.0,1.0
356 098,GATES,87.0,1.0
225 809,ERT,35.0,2.0
225 809,ERT,35.0,1.0
225 809,ERT,35.0,3.0
011 559,CARAT,79.0,1.0
445 843,HART,22.0,2.0
445 843,HART,22.0,4.0
445 843,HART,22.0,3.0
445 843,HART,22.0,1.0
445 843,HART,22.0,9.0
534 537,NISSENS,227.0,1.0
102 028,KLOKKERHOLM,48.0,1.0
389 236,LINMOT,15.0,1.0
139 569,TYC,153.0,1.0
139 569,TYC,153.0,2.0
139 569,TYC,153.0,5.0
061 848,PREMIEREUROPE,84.0,1.0
427 461,HART,41.0,1.0
417 686,FEBI BILSTEIN,45.0,2.0
122 833,TYC,19.0,1.0
058 631,VIAKEN II,5082.0,3.0
058 631,VIAKEN II,5082.0,1.0
058 631,VIAKEN II,5082.0,2.0
309 316,SACHS,385.0,1.0
527 479,NEW AGE,8.0,1.0
527 479,NEW AGE,8.0,2.0
527 479,NEW AGE,8.0,3.0
527 479,NEW AGE,8.0,8.0
443 098,HART,15.0,1.0
474 884,TEDGUM,11.0,2.0
474 884,TEDGUM,11.0,1.0
425 642,SIDEM,13.0,1.0
484 303,ORIGINAL IMPERIUM,7.0,3.0
484 303,ORIGINAL IMPERIUM,7.0,1.0
215 207,TEXTAR,134.0,2.0
215 207,TEXTAR,134.0,1.0
374 362,HART,70.0,1.0
374 362,HART,70.0,2.0
374 362,HART,70.0,10.0
467 628,HART,30.0,2.0
139 570,TYC,153.0,9.0
139 570,TYC,153.0,1.0
139 570,TYC,153.0,2.0
139 570,TYC,153.0,4.0
432 665,LESJÖFORS,90.0,2.0
455 952,LEMFÖRDER,307.0,1.0
376 746,SASIC,64.0,2.0
376 746,SASIC,64.0,1.0
376 746,SASIC,64.0,3.0
159 082,HART,18.0,1.0
159 082,HART,18.0,2.0
159 082,HART,18.0,3.0
484 070,SIDEM,54.0,1.0
536 951,BREMI,36.0,1.0
471 111,FEBI BILSTEIN,183.0,1.0
435 124,HART,21.0,2.0
435 124,HART,21.0,1.0
522 405,DELPHI,82.0,1.0
522 405,DELPHI,82.0,2.0
074 503,PREMIEREUROPE,80.0,1.0
074 503,PREMIEREUROPE,80.0,2.0
480 693,SIDEM,10.0,6.0
480 693,SIDEM,10.0,2.0
420 635,HART,22.0,1.0
420 635,HART,22.0,2.0
364 694,LuK,301.0,1.0
364 694,LuK,301.0,2.0
362 433,BOSCH,22.0,1.0
548 362,NGK,261.0,1.0
149 754,TYC,32.0,1.0
336 075,HART,5.0,1.0
336 075,HART,5.0,5.0
336 075,HART,5.0,2.0
336 075,HART,5.0,6.0
336 075,HART,5.0,3.0
336 075,HART,5.0,7.0
502 043,EPS,100.0,3.0
502 043,EPS,100.0,1.0
225 644,LPR,179.0,1.0
359 776,FILTRON,23.0,1.0
079 135,PREMIEREUROPE,82.0,1.0
079 135,PREMIEREUROPE,82.0,2.0
079 135,PREMIEREUROPE,82.0,3.0
079 135,PREMIEREUROPE,82.0,7.0
079 135,PREMIEREUROPE,82.0,4.0
629 392,GATES,46.0,1.0
061 841,PREMIEREUROPE,93.0,1.0
461 210,FAG,49.0,1.0
461 210,FAG,49.0,2.0
461 210,FAG,49.0,4.0
205 174,ERT,7.0,5.0
188 601,TYC,133.0,1.0
256 756,HART,166.0,2.0
256 756,HART,166.0,1.0
256 756,HART,166.0,4.0
256 756,HART,166.0,3.0
453 213,LESJÖFORS,234.0,1.0
432 253,LEMFÖRDER,361.0,1.0
481 273,FEBI BILSTEIN,97.0,2.0
481 273,FEBI BILSTEIN,97.0,1.0
519 251,PIERBURG,91.0,1.0
519 251,PIERBURG,91.0,2.0
471 234,FEBI BILSTEIN,192.0,3.0
471 234,FEBI BILSTEIN,192.0,2.0
471 234,FEBI BILSTEIN,192.0,1.0
471 234,FEBI BILSTEIN,192.0,4.0
551 400,BREMI,65.0,4.0
551 400,BREMI,65.0,1.0
399 393,OSVAT,10.0,4.0
129 848,M.LINE OŚWIETLENIE,20.0,9.0
129 848,M.LINE OŚWIETLENIE,20.0,1.0
129 848,M.LINE OŚWIETLENIE,20.0,2.0
182 297,ABAKUS,41.0,2.0
182 297,ABAKUS,41.0,1.0
618 230,CALORSTAT by Vernet,9.0,1.0
084 469,AUTOXSCAN,179.0,1.0
084 469,AUTOXSCAN,179.0,2.0
210 787,JURID,45.0,1.0
333 589,HART,63.0,1.0
371 473,HART,153.0,1.0
475 853,FAG,64.0,1.0
526 173,HART,120.0,2.0
526 173,HART,120.0,1.0
173 470,ABAKUS,54.0,1.0
546 324,EXIDE,104.0,1.0
546 324,EXIDE,104.0,2.0
546 324,EXIDE,104.0,5.0
434 416,HART,22.0,2.0
434 416,HART,22.0,1.0
434 416,HART,22.0,4.0
434 416,HART,22.0,3.0
539 998,CALORSTAT by Vernet,136.0,1.0
449 874,SIDEM,20.0,1.0
449 874,SIDEM,20.0,2.0
083 948,CONDORTOOLS II,45.0,2.0
083 948,CONDORTOOLS II,45.0,8.0
083 948,CONDORTOOLS II,45.0,1.0
143 587,STEINHOF,3.0,10.0
143 587,STEINHOF,3.0,1.0
143 587,STEINHOF,3.0,3.0
143 587,STEINHOF,3.0,2.0
143 587,STEINHOF,3.0,6.0
143 587,STEINHOF,3.0,4.0
156 993,IZAWIT,194.0,2.0
156 993,IZAWIT,194.0,1.0
605 946,CALORSTAT by Vernet,24.0,2.0
605 946,CALORSTAT by Vernet,24.0,1.0
254 109,HART,8.0,2.0
254 109,HART,8.0,1.0
328 200,PURFLUX,30.0,1.0
348 369,HART,58.0,1.0
154 628,HART,19.0,1.0
154 628,HART,19.0,2.0
154 628,HART,19.0,3.0
154 628,HART,19.0,5.0
530 979,NEW AGE,22.0,4.0
530 979,NEW AGE,22.0,1.0
530 979,NEW AGE,22.0,8.0
209 886,LPR,53.0,1.0
556 556,HERTH+BUSS JAKOPARTS,61.0,1.0
373 983,GATES,274.0,1.0
530 986,NEW AGE,20.0,2.0
530 986,NEW AGE,20.0,1.0
530 986,NEW AGE,20.0,4.0
530 986,NEW AGE,20.0,3.0
236 477,TEXTAR,121.0,2.0
236 477,TEXTAR,121.0,4.0
521 715,DELPHI,80.0,1.0
521 715,DELPHI,80.0,2.0
455 322,LEMFÖRDER,17.0,1.0
213 999,LPR,14.0,2.0
213 999,LPR,14.0,5.0
213 999,LPR,14.0,1.0
221 089,HART,30.0,1.0
221 089,HART,30.0,2.0
564 201,OE,451.0,10.0
564 201,OE,451.0,2.0
564 201,OE,451.0,1.0
564 201,OE,451.0,7.0
547 837,HELLA,14.0,2.0
547 837,HELLA,14.0,1.0
547 837,HELLA,14.0,3.0
552 428,AS-PL,110.0,1.0
552 428,AS-PL,110.0,2.0
085 252,OE,145.0,1.0
188 003,IZAWIT,194.0,1.0
480 547,BLUE PRINT,78.0,2.0
188 760,ABAKUS,195.0,3.0
327 074,MANN-FILTER,25.0,1.0
327 074,MANN-FILTER,25.0,3.0
327 074,MANN-FILTER,25.0,4.0
432 486,TEDGUM,11.0,3.0
432 486,TEDGUM,11.0,4.0
432 486,TEDGUM,11.0,2.0
520 787,FEBI BILSTEIN,143.0,1.0
547 078,TEXTAR,27.0,3.0
547 078,TEXTAR,27.0,1.0
547 078,TEXTAR,27.0,2.0
031 164,TECHMAN ASTA,635.0,1.0
064 481,BOLL,43.0,9.0
064 481,BOLL,43.0,1.0
064 481,BOLL,43.0,3.0
064 481,BOLL,43.0,2.0
064 481,BOLL,43.0,6.0
064 481,BOLL,43.0,8.0
434 899,HART,183.0,5.0
434 899,HART,183.0,1.0
504 496,EPS,197.0,1.0
504 496,EPS,197.0,3.0
607 012,HART,16.0,1.0
154 631,HART,20.0,2.0
154 631,HART,20.0,1.0
154 631,HART,20.0,4.0
257 198,BORG & BECK,118.0,1.0
257 198,BORG & BECK,118.0,2.0
257 198,BORG & BECK,118.0,5.0
549 161,TRW,100.0,2.0
150 015,TYC,76.0,6.0
150 015,TYC,76.0,1.0
150 015,TYC,76.0,3.0
471 149,FEBI BILSTEIN,7.0,2.0
392 355,HELLA,84.0,2.0
392 355,HELLA,84.0,1.0
395 369,SUNSTAR,313.0,4.0
395 369,SUNSTAR,313.0,1.0
241 635,TRW,108.0,2.0
373 980,HART,70.0,2.0
373 980,HART,70.0,1.0
373 980,HART,70.0,3.0
373 980,HART,70.0,4.0
186 073,TOPRAN,58.0,1.0
186 073,TOPRAN,58.0,2.0
545 861,NGK,33.0,8.0
545 861,NGK,33.0,4.0
500 260,EPS,15.0,2.0
500 260,EPS,15.0,1.0
241 438,TRW,94.0,1.0
080 533,MAGNUS,133.0,9.0
080 533,MAGNUS,133.0,1.0
080 533,MAGNUS,133.0,2.0
348 331,FEBI BILSTEIN,163.0,1.0
348 331,FEBI BILSTEIN,163.0,2.0
629 236,NISSENS,410.0,2.0
629 236,NISSENS,410.0,1.0
629 236,NISSENS,410.0,10.0
536 822,BREMI,86.0,2.0
536 822,BREMI,86.0,1.0
082 746,OE,24.0,4.0
082 746,OE,24.0,1.0
082 746,OE,24.0,2.0
082 746,OE,24.0,5.0
082 746,OE,24.0,3.0
618 279,FEBI BILSTEIN,54.0,1.0
404 450,HART,4.0,1.0
404 450,HART,4.0,3.0
404 450,HART,4.0,6.0
404 450,HART,4.0,9.0
404 450,HART,4.0,4.0
404 450,HART,4.0,2.0
404 450,HART,4.0,5.0
236 445,TEXTAR,173.0,1.0
356 954,GATES,221.0,1.0
356 954,GATES,221.0,3.0
150 929,TYC,95.0,1.0
150 929,TYC,95.0,2.0
150 929,TYC,95.0,3.0
350 560,TOPRAN,9.0,1.0
350 560,TOPRAN,9.0,2.0
039 203,SUNSTAR,54.0,2.0
039 203,SUNSTAR,54.0,4.0
372 693,M.LINE SILNIK,99.0,4.0
372 693,M.LINE SILNIK,99.0,1.0
430 624,HART,9.0,1.0
430 624,HART,9.0,3.0
430 624,HART,9.0,2.0
606 905,NISSENS,366.0,1.0
085 458,AUTOELEKTRONIKA,95.0,1.0
538 686,AS-PL,67.0,1.0
256 931,HART,23.0,4.0
256 931,HART,23.0,2.0
256 931,HART,23.0,1.0
312 130,FEDERAL MOGUL,20.0,1.0
466 242,VICMA,13.0,9.0
083 610,NOCO,1079.0,5.0
083 610,NOCO,1079.0,2.0
083 610,NOCO,1079.0,1.0
011 390,CARAT,48.0,1.0
550 666,AS-PL,322.0,1.0
614 541,HART,149.0,5.0
614 541,HART,149.0,1.0
614 541,HART,149.0,3.0
220 981,HART,14.0,2.0
220 981,HART,14.0,1.0
220 981,HART,14.0,3.0
217 011,QUICK BRAKE,15.0,2.0
217 011,QUICK BRAKE,15.0,1.0
485 924,TEDGUM,52.0,1.0
362 238,PIERBURG,332.0,1.0
184 572,KLOKKERHOLM,1075.0,1.0
341 654,GLASER,50.0,1.0
341 654,GLASER,50.0,10.0
081 523,HAZET,129.0,6.0
081 523,HAZET,129.0,1.0
302 673,HIFLOFILTRO,24.0,1.0
302 673,HIFLOFILTRO,24.0,2.0
185 105,TOPRAN,163.0,1.0
002 871,HART,19.0,1.0
002 871,HART,19.0,2.0
002 871,HART,19.0,3.0
420 715,HART,100.0,1.0
420 715,HART,100.0,2.0
476 871,LÖBRO,507.0,1.0
454 574,HART,17.0,10.0
454 574,HART,17.0,2.0
454 574,HART,17.0,1.0
164 902,MIRAGLIO,227.0,1.0
332 071,HART,73.0,5.0
332 071,HART,73.0,1.0
479 218,LEMFÖRDER,91.0,1.0
232 648,TRW,106.0,1.0
232 648,TRW,106.0,2.0
214 527,HART,23.0,2.0
214 527,HART,23.0,1.0
254 204,QUICK BRAKE,27.0,1.0
530 764,HART,232.0,8.0
530 764,HART,232.0,1.0
405 991,FEBI BILSTEIN,79.0,2.0
443 323,HART,6.0,9.0
443 323,HART,6.0,2.0
443 323,HART,6.0,3.0
443 323,HART,6.0,4.0
443 323,HART,6.0,6.0
443 323,HART,6.0,7.0
443 323,HART,6.0,10.0
342 916,SKF,63.0,1.0
342 916,SKF,63.0,2.0
450 034,HART,3.0,3.0
450 034,HART,3.0,2.0
450 034,HART,3.0,1.0
486 022,SIDEM,251.0,1.0
558 358,HART,70.0,2.0
558 358,HART,70.0,1.0
232 765,TEXTAR,112.0,1.0
466 622,VICMA,99.0,8.0
470 564,FEBI BILSTEIN,7.0,2.0
470 564,FEBI BILSTEIN,7.0,1.0
085 486,SATA NARZEDZIA,79.0,7.0
302 811,RUVILLE,40.0,4.0
302 811,RUVILLE,40.0,3.0
625 174,TOPRAN,9.0,1.0
038 836,SUNSTAR,55.0,1.0
604 867,SASIC,40.0,3.0
604 867,SASIC,40.0,1.0
148 359,ROMIX PACZKI,28.0,1.0
085 492,CONDORTOOLS II,69.0,10.0
548 427,HART,180.0,1.0
462 965,HART,6.0,2.0
608 120,TYC,235.0,1.0
449 021,HART,249.0,4.0
526 207,HART,240.0,1.0
232 167,LPR,21.0,2.0
232 167,LPR,21.0,3.0
232 167,LPR,21.0,4.0
232 167,LPR,21.0,8.0
232 167,LPR,21.0,5.0
241 575,TRW,294.0,1.0
224 124,HART,83.0,4.0
224 124,HART,83.0,2.0
444 830,HART,22.0,5.0
444 830,HART,22.0,2.0
029 187,AMTRA,10.0,1.0
029 187,AMTRA,10.0,2.0
253 127,BOSCH,201.0,1.0
520 465,VALEO,270.0,1.0
520 465,VALEO,270.0,4.0
421 468,SIDEM,54.0,1.0
421 468,SIDEM,54.0,2.0
517 105,HART,22.0,1.0
517 105,HART,22.0,2.0
032 191,BOLL,8.0,7.0
032 191,BOLL,8.0,3.0
032 191,BOLL,8.0,1.0
032 191,BOLL,8.0,2.0
032 191,BOLL,8.0,4.0
032 191,BOLL,8.0,5.0
558 914,MEAT & DORIA,209.0,4.0
558 914,MEAT & DORIA,209.0,2.0
558 914,MEAT & DORIA,209.0,1.0
367 675,FILTRON,32.0,1.0
367 675,FILTRON,32.0,2.0
230 691,TEXTAR,103.0,3.0
230 691,TEXTAR,103.0,1.0
230 691,TEXTAR,103.0,2.0
351 966,AIR TOP ITALIA,20.0,1.0
351 966,AIR TOP ITALIA,20.0,2.0
013 470,NISSENS,299.0,1.0
143 403,HELLA,13.0,1.0
143 403,HELLA,13.0,3.0
143 403,HELLA,13.0,2.0
143 403,HELLA,13.0,4.0
143 403,HELLA,13.0,8.0
143 403,HELLA,13.0,7.0
541 566,AS-PL,603.0,1.0
327 258,BOSCH,56.0,1.0
437 081,HART,30.0,2.0
437 081,HART,30.0,6.0
526 209,HART,150.0,1.0
224 703,LPR,53.0,1.0
509 839,NGK,21.0,4.0
085 445,CLIMA PARTNER,79.0,8.0
610 870,NISSENS,115.0,1.0
340 799,HART,11.0,3.0
340 799,HART,11.0,2.0
340 799,HART,11.0,1.0
340 799,HART,11.0,5.0
340 799,HART,11.0,4.0
340 799,HART,11.0,9.0
480 832,SIDEM,64.0,2.0
033 184,VCAN,120.0,1.0
560 959,FEBI BILSTEIN,61.0,2.0
560 959,FEBI BILSTEIN,61.0,1.0
560 959,FEBI BILSTEIN,61.0,8.0
423 783,HART,21.0,1.0
622 998,HART,182.0,2.0
622 998,HART,182.0,1.0
622 998,HART,182.0,4.0
446 258,HART,15.0,9.0
446 258,HART,15.0,1.0
446 258,HART,15.0,2.0
238 838,TRW,360.0,1.0
253 916,HART,50.0,9.0
253 916,HART,50.0,2.0
253 916,HART,50.0,3.0
253 916,HART,50.0,7.0
253 916,HART,50.0,4.0
042 906,CONDORTOOLS II,49.0,1.0
564 858,OE,29.0,7.0
564 858,OE,29.0,4.0
564 858,OE,29.0,8.0
077 998,AMTRA,35.0,10.0
077 998,AMTRA,35.0,1.0
077 998,AMTRA,35.0,5.0
409 249,SIR,25.0,1.0
053 734,VALEO,43.0,1.0
408 365,NORMA,3.0,9.0
408 365,NORMA,3.0,4.0
408 365,NORMA,3.0,10.0
408 365,NORMA,3.0,8.0
427 577,HART,22.0,1.0
434 432,HART,22.0,8.0
434 432,HART,22.0,2.0
434 432,HART,22.0,4.0
434 432,HART,22.0,3.0
041 110,ROMIX PACZKI,4.0,3.0
041 110,ROMIX PACZKI,4.0,1.0
041 110,ROMIX PACZKI,4.0,2.0
451 850,HART,15.0,1.0
475 957,HART,3.0,6.0
475 957,HART,3.0,2.0
475 957,HART,3.0,4.0
536 828,PHILIPS,6.0,1.0
536 828,PHILIPS,6.0,2.0
536 828,PHILIPS,6.0,4.0
536 828,PHILIPS,6.0,7.0
362 824,MANN-FILTER,29.0,1.0
059 686,HERTH+BUSS ELPARTS,29.0,1.0
354 493,HART,13.0,6.0
354 493,HART,13.0,5.0
354 493,HART,13.0,7.0
063 834,K2,3.0,3.0
063 834,K2,3.0,2.0
063 834,K2,3.0,1.0
063 834,K2,3.0,9.0
063 834,K2,3.0,5.0
063 834,K2,3.0,7.0
063 834,K2,3.0,6.0
063 834,K2,3.0,4.0
204 648,ERT,14.0,2.0
409 497,HART,31.0,2.0
409 497,HART,31.0,1.0
409 497,HART,31.0,3.0
560 532,MEAT & DORIA,148.0,1.0
169 866,KOLBENSCHMIDT,59.0,1.0
207 271,ERT,43.0,1.0
207 271,ERT,43.0,2.0
207 271,ERT,43.0,3.0
207 271,ERT,43.0,7.0
059 128,AIRPRESS,149.0,1.0
328 757,MANN-FILTER,75.0,2.0
328 757,MANN-FILTER,75.0,1.0
446 716,HART,4.0,3.0
446 716,HART,4.0,1.0
446 716,HART,4.0,2.0
446 716,HART,4.0,4.0
446 716,HART,4.0,10.0
368 350,UFI,69.0,1.0
368 350,UFI,69.0,3.0
368 350,UFI,69.0,2.0
366 637,UFI,34.0,1.0
367 633,AIR TOP ITALIA,10.0,1.0
612 562,HART,190.0,1.0
612 562,HART,190.0,2.0
612 562,HART,190.0,3.0
628 132,GATES,46.0,1.0
068 687,HART,135.0,2.0
068 687,HART,135.0,1.0
068 687,HART,135.0,3.0
435 770,LESJÖFORS,90.0,1.0
435 770,LESJÖFORS,90.0,2.0
435 770,LESJÖFORS,90.0,3.0
342 001,NHC,35.0,5.0
563 605,HART,63.0,1.0
563 605,HART,63.0,3.0
563 605,HART,63.0,2.0
423 716,SASIC,40.0,1.0
392 520,LuK,676.0,1.0
529 716,AS-PL,24.0,1.0
337 225,LuK,1641.0,1.0
458 640,LÖBRO,22.0,1.0
230 561,LPR,16.0,1.0
085 653,LIQUI MOLY,27.0,6.0
085 653,LIQUI MOLY,27.0,4.0
085 653,LIQUI MOLY,27.0,2.0
486 125,FEBI BILSTEIN,346.0,1.0
431 972,HART,27.0,7.0
431 972,HART,27.0,10.0
431 972,HART,27.0,4.0
431 972,HART,27.0,5.0
431 972,HART,27.0,6.0
486 848,WRC,420.0,1.0
460 005,FEBI BILSTEIN,45.0,2.0
408 915,HART,15.0,1.0
037 545,MAGNUS,109.0,3.0
037 545,MAGNUS,109.0,1.0
077 103,MAGNUS,239.0,2.0
077 103,MAGNUS,239.0,1.0
458 144,METELLI,297.0,1.0
373 877,GATES,46.0,2.0
373 877,GATES,46.0,1.0
224 247,HART,15.0,1.0
467 463,HART,3.0,1.0
467 463,HART,3.0,2.0
365 933,UFI,14.0,1.0
365 933,UFI,14.0,2.0
365 933,UFI,14.0,8.0
365 933,UFI,14.0,5.0
365 933,UFI,14.0,10.0
365 933,UFI,14.0,3.0
335 959,FILTRON,34.0,1.0
335 959,FILTRON,34.0,2.0
335 959,FILTRON,34.0,3.0
520 412,TYC,63.0,2.0
328 859,HART,25.0,1.0
328 859,HART,25.0,4.0
328 859,HART,25.0,2.0
628 003,GATES,79.0,1.0
085 451,PROFIEUROPE ,81.0,5.0
614 651,VALEO,380.0,1.0
226 506,BLUE PRINT,93.0,1.0
316 766,AIR TOP ITALIA,15.0,1.0
351 964,FEBI BILSTEIN,106.0,2.0
074 781,TEDGUM,18.0,1.0
074 781,TEDGUM,18.0,2.0
399 919,MAHLE,38.0,5.0
399 919,MAHLE,38.0,8.0
399 919,MAHLE,38.0,4.0
317 974,FILTRON,18.0,1.0
317 974,FILTRON,18.0,2.0
317 974,FILTRON,18.0,6.0
317 974,FILTRON,18.0,9.0
429 219,LESJÖFORS,90.0,2.0
380 882,BLUE PRINT,99.0,1.0
368 951,HART,24.0,1.0
368 951,HART,24.0,2.0
140 841,KLOKKERHOLM,416.0,1.0
485 535,HART,37.0,1.0
393 661,HART,190.0,6.0
393 661,HART,190.0,1.0
527 477,NEW AGE,8.0,4.0
527 477,NEW AGE,8.0,2.0
527 477,NEW AGE,8.0,1.0
527 477,NEW AGE,8.0,3.0
527 477,NEW AGE,8.0,5.0
527 477,NEW AGE,8.0,6.0
253 089,TEXTAR,200.0,2.0
253 089,TEXTAR,200.0,1.0
152 169,RENNER,168.0,1.0
355 459,FILTRON,33.0,6.0
355 459,FILTRON,33.0,5.0
355 459,FILTRON,33.0,7.0
355 459,FILTRON,33.0,10.0
355 459,FILTRON,33.0,9.0
355 459,FILTRON,33.0,8.0
355 459,FILTRON,33.0,1.0
355 459,FILTRON,33.0,3.0
355 459,FILTRON,33.0,2.0
355 459,FILTRON,33.0,4.0
303 127,SACHS,343.0,1.0
482 944,FAG,127.0,2.0
482 944,FAG,127.0,1.0
533 895,AS-PL,51.0,2.0
533 895,AS-PL,51.0,1.0
447 044,HART,4.0,10.0
447 044,HART,4.0,1.0
447 044,HART,4.0,2.0
610 006,ORIGINAL IMPERIUM,28.0,1.0
153 408,TYC,63.0,4.0
153 408,TYC,63.0,1.0
624 924,VALEO,225.0,1.0
392 892,HART,21.0,1.0
392 892,HART,21.0,2.0
480 586,SIDEM,10.0,1.0
480 586,SIDEM,10.0,2.0
079 875,ELF,28.0,1.0
147 353,ABAKUS,94.0,1.0
477 679,LEMFÖRDER,12.0,2.0
229 312,NHC,35.0,1.0
019 813,M.LINE DZWIGNIE,17.0,1.0
431 542,SIDEM,10.0,2.0
431 542,SIDEM,10.0,1.0
257 937,BLUE PRINT,143.0,1.0
510 437,NGK,25.0,2.0
510 437,NGK,25.0,3.0
510 437,NGK,25.0,1.0
343 712,HART,64.0,1.0
326 647,Dr.Motor Automotive,92.0,1.0
473 044,FEBI BILSTEIN,276.0,1.0
414 979,LESJÖFORS,90.0,6.0
253 621,COFLE,313.0,1.0
404 116,FEBI BILSTEIN,45.0,1.0
477 577,SIDEM,10.0,2.0
479 193,LEMFÖRDER,75.0,1.0
330 119,FRECCIA,30.0,6.0
329 850,SACHS,622.0,2.0
329 850,SACHS,622.0,1.0
182 997,HELLA,2798.0,1.0
222 599,TRW,193.0,1.0
186 402,SCANGRIP,99.0,2.0
186 402,SCANGRIP,99.0,1.0
186 402,SCANGRIP,99.0,5.0
429 727,LESJÖFORS,90.0,2.0
429 727,LESJÖFORS,90.0,1.0
562 481,HELLA,408.0,1.0
186 532,TOPRAN,37.0,1.0
522 298,FEBI BILSTEIN,192.0,1.0
462 459,SIDEM,399.0,1.0
521 952,AS-PL,71.0,2.0
521 952,AS-PL,71.0,1.0
521 952,AS-PL,71.0,3.0
081 524,HAZET,129.0,3.0
081 524,HAZET,129.0,2.0
081 524,HAZET,129.0,1.0
430 716,LESJÖFORS,90.0,10.0
430 716,LESJÖFORS,90.0,2.0
430 716,LESJÖFORS,90.0,1.0
414 432,SIDEM,36.0,2.0
414 432,SIDEM,36.0,1.0
564 856,OE,29.0,8.0
564 856,OE,29.0,4.0
085 516,SCANGRIP,351.0,4.0
372 803,HART,179.0,1.0
372 803,HART,179.0,2.0
372 803,HART,179.0,3.0
372 803,HART,179.0,4.0
236 224,TRW,113.0,2.0
348 999,HART,70.0,1.0
348 999,HART,70.0,2.0
073 665,COTON,1020.0,1.0
073 665,COTON,1020.0,2.0
063 811,ER-ZET,20.0,4.0
078 910,CASTEX,136.0,6.0
078 910,CASTEX,136.0,1.0
078 910,CASTEX,136.0,2.0
078 910,CASTEX,136.0,9.0
411 930,LESJÖFORS,90.0,2.0
437 949,TEDGUM,11.0,2.0
510 457,NGK,12.0,1.0
510 457,NGK,12.0,5.0
510 457,NGK,12.0,3.0
510 457,NGK,12.0,2.0
213 290,OJD AUTOMOTIVE APS,6.0,2.0
213 290,OJD AUTOMOTIVE APS,6.0,1.0
213 290,OJD AUTOMOTIVE APS,6.0,3.0
611 645,GATES,166.0,3.0
611 645,GATES,166.0,1.0
611 645,GATES,166.0,6.0
611 645,GATES,166.0,2.0
439 321,TEDGUM,11.0,6.0
439 321,TEDGUM,11.0,2.0
439 321,TEDGUM,11.0,4.0
439 321,TEDGUM,11.0,1.0
529 331,AS-PL,51.0,1.0
168 277,TOPRAN,7.0,2.0
168 277,TOPRAN,7.0,1.0
439 223,SIDEM,59.0,2.0
476 659,SIDEM,10.0,7.0
476 659,SIDEM,10.0,1.0
476 659,SIDEM,10.0,2.0
367 629,UFI,18.0,3.0
367 629,UFI,18.0,1.0
367 629,UFI,18.0,4.0
367 629,UFI,18.0,2.0
367 629,UFI,18.0,7.0
367 629,UFI,18.0,5.0
367 629,UFI,18.0,6.0
408 563,SIDEM,10.0,2.0
408 563,SIDEM,10.0,3.0
226 406,HART,14.0,2.0
226 406,HART,14.0,1.0
226 406,HART,14.0,3.0
238 966,TRW,294.0,1.0
061 851,PREMIEREUROPE,45.0,4.0
061 851,PREMIEREUROPE,45.0,1.0
389 962,OE,45.0,8.0
389 962,OE,45.0,1.0
389 962,OE,45.0,2.0
207 044,COFLE,33.0,1.0
207 044,COFLE,33.0,2.0
043 093,KNIPEX,73.0,1.0
231 314,ERT,21.0,1.0
410 230,LEMFÖRDER,8.0,1.0
410 230,LEMFÖRDER,8.0,2.0
319 638,TOPRAN,9.0,1.0
434 085,ORIGINAL IMPERIUM,22.0,1.0
434 085,ORIGINAL IMPERIUM,22.0,2.0
145 292,TYC,19.0,2.0
145 292,TYC,19.0,1.0
145 292,TYC,19.0,4.0
341 561,M.LINE FILTRY,21.0,2.0
341 561,M.LINE FILTRY,21.0,1.0
341 561,M.LINE FILTRY,21.0,7.0
341 561,M.LINE FILTRY,21.0,4.0
341 561,M.LINE FILTRY,21.0,8.0
177 424,HELLA,1989.0,1.0
459 937,SIDEM,10.0,2.0
348 622,HART,115.0,1.0
348 622,HART,115.0,2.0
348 622,HART,115.0,4.0
056 333,PREMIEREUROPE,96.0,8.0
056 333,PREMIEREUROPE,96.0,1.0
056 333,PREMIEREUROPE,96.0,2.0
056 333,PREMIEREUROPE,96.0,3.0
019 865,M.LINE DZWIGNIE,44.0,9.0
019 865,M.LINE DZWIGNIE,44.0,1.0
482 821,HART,9.0,1.0
482 821,HART,9.0,2.0
327 758,HART,12.0,1.0
327 758,HART,12.0,2.0
055 106,M-TECH,15.0,1.0
076 492,CLIMA PARTNER,129.0,1.0
229 160,LPR,9.0,1.0
144 374,TOPRAN,5.0,9.0
144 374,TOPRAN,5.0,1.0
144 374,TOPRAN,5.0,3.0
144 374,TOPRAN,5.0,4.0
144 374,TOPRAN,5.0,2.0
164 408,VAICO,95.0,1.0
164 408,VAICO,95.0,2.0
154 629,HART,16.0,3.0
154 629,HART,16.0,2.0
154 629,HART,16.0,1.0
154 629,HART,16.0,4.0
154 629,HART,16.0,7.0
168 994,KOLBENSCHMIDT,253.0,1.0
046 957,CONDORTOOLS II,49.0,1.0
333 517,FILTRON,29.0,2.0
333 517,FILTRON,29.0,1.0
333 517,FILTRON,29.0,4.0
333 517,FILTRON,29.0,3.0
082 909,MILWAUKEE,39.0,4.0
082 909,MILWAUKEE,39.0,2.0
082 909,MILWAUKEE,39.0,1.0
082 909,MILWAUKEE,39.0,5.0
236 590,TRW,87.0,1.0
441 674,LESJÖFORS,90.0,2.0
564 193,BOSCH,73.0,1.0
564 193,BOSCH,73.0,4.0
557 534,HERTH+BUSS ELPARTS,2.0,1.0
340 855,HART,85.0,1.0
340 855,HART,85.0,2.0
340 855,HART,85.0,3.0
484 536,TRW,1646.0,2.0
149 790,HART,100.0,2.0
149 790,HART,100.0,1.0
522 830,PIERBURG,368.0,1.0
223 787,HART,36.0,1.0
036 757,ELF,3617.0,1.0
306 536,HIFLOFILTRO,64.0,1.0
463 011,TEDGUM,21.0,1.0
463 011,TEDGUM,21.0,4.0
463 011,TEDGUM,21.0,9.0
463 011,TEDGUM,21.0,2.0
463 011,TEDGUM,21.0,3.0
449 502,HART,22.0,10.0
449 502,HART,22.0,2.0
449 502,HART,22.0,3.0
449 502,HART,22.0,4.0
613 907,NISSENS,34.0,1.0
228 965,TEXTAR,149.0,1.0
462 949,TEDGUM,16.0,6.0
476 238,GK,95.0,1.0
078 526,CONDORTOOLS II,399.0,2.0
078 526,CONDORTOOLS II,399.0,1.0
078 526,CONDORTOOLS II,399.0,4.0
545 733,MAGNETI MARELLI,179.0,1.0
545 733,MAGNETI MARELLI,179.0,2.0
397 435,SUNSTAR,223.0,1.0
479 026,TEDGUM,11.0,1.0
479 026,TEDGUM,11.0,2.0
479 157,LEMFÖRDER,66.0,1.0
439 296,SIDEM,54.0,1.0
622 195,HELLA,45.0,1.0
462 993,TEDGUM,5.0,1.0
334 296,HART,15.0,1.0
334 296,HART,15.0,7.0
463 119,M.LINE OPONY,15.0,1.0
260 657,SACHS,213.0,1.0
260 657,SACHS,213.0,3.0
516 766,HART,2.0,4.0
516 766,HART,2.0,1.0
516 766,HART,2.0,2.0
516 766,HART,2.0,3.0
555 330,OSRAM,7.0,1.0
555 330,OSRAM,7.0,2.0
555 330,OSRAM,7.0,8.0
555 330,OSRAM,7.0,4.0
408 364,NORMA,3.0,2.0
408 364,NORMA,3.0,8.0
085 487,SATA NARZEDZIA,79.0,7.0
085 487,SATA NARZEDZIA,79.0,4.0
361 187,LuK,18.0,1.0
224 226,HART,15.0,5.0
224 226,HART,15.0,1.0
056 332,PREMIEREUROPE,80.0,1.0
056 332,PREMIEREUROPE,80.0,2.0
056 332,PREMIEREUROPE,80.0,4.0
056 332,PREMIEREUROPE,80.0,3.0
456 046,LEMFÖRDER,66.0,1.0
154 226,ABAKUS,64.0,1.0
154 226,ABAKUS,64.0,2.0
338 540,HART,58.0,6.0
338 540,HART,58.0,1.0
338 540,HART,58.0,2.0
371 846,M.LINE SILNIK,16.0,1.0
371 846,M.LINE SILNIK,16.0,3.0
371 846,M.LINE SILNIK,16.0,4.0
312 779,BOSCH,7.0,1.0
312 779,BOSCH,7.0,3.0
312 779,BOSCH,7.0,2.0
312 779,BOSCH,7.0,5.0
312 779,BOSCH,7.0,6.0
371 920,VALEO,1247.0,1.0
525 688,HART,185.0,1.0
525 688,HART,185.0,2.0
525 688,HART,185.0,3.0
506 895,BOSCH,5.0,1.0
506 895,BOSCH,5.0,2.0
506 895,BOSCH,5.0,4.0
506 895,BOSCH,5.0,3.0
506 895,BOSCH,5.0,7.0
224 797,JAB,24.0,1.0
156 738,HART,18.0,2.0
156 738,HART,18.0,1.0
156 738,HART,18.0,4.0
453 214,LESJÖFORS,93.0,1.0
531 310,NISSENS,193.0,2.0
531 310,NISSENS,193.0,1.0
531 310,NISSENS,193.0,4.0
531 310,NISSENS,193.0,3.0
170 864,RENNER,159.0,1.0
153 033,TOPRAN,32.0,2.0
153 033,TOPRAN,32.0,1.0
379 888,BLUE PRINT,231.0,1.0
623 756,TYC,471.0,1.0
162 833,ABAKUS,189.0,1.0
505 325,NGK,9.0,2.0
505 325,NGK,9.0,3.0
618 164,TOPRAN,5.0,1.0
506 486,JANMOR,84.0,1.0
083 947,CONDORTOOLS II,39.0,3.0
083 947,CONDORTOOLS II,39.0,4.0
083 947,CONDORTOOLS II,39.0,1.0
446 665,LESJÖFORS,146.0,1.0
446 665,LESJÖFORS,146.0,2.0
043 364,MAGNETI MARELLI,29.0,2.0
156 742,HART,21.0,1.0
156 742,HART,21.0,2.0
156 742,HART,21.0,3.0
530 625,DELPHI,345.0,2.0
553 274,AS-PL,94.0,2.0
553 274,AS-PL,94.0,1.0
511 864,HART,50.0,2.0
511 864,HART,50.0,1.0
511 864,HART,50.0,5.0
511 864,HART,50.0,6.0
511 864,HART,50.0,7.0
351 606,FEBI BILSTEIN,124.0,2.0
351 606,FEBI BILSTEIN,124.0,1.0
512 697,VEMO,99.0,4.0
512 697,VEMO,99.0,1.0
053 461,K2,17.0,2.0
053 461,K2,17.0,3.0
053 461,K2,17.0,7.0
053 461,K2,17.0,1.0
053 461,K2,17.0,4.0
053 461,K2,17.0,5.0
053 461,K2,17.0,6.0
011 008,CARAT,91.0,1.0
400 583,HART,3.0,1.0
400 583,HART,3.0,2.0
400 583,HART,3.0,3.0
457 764,FAG,166.0,1.0
234 912,BOSCH,104.0,1.0
368 956,HART,24.0,1.0
368 956,HART,24.0,2.0
461 548,FAG,54.0,1.0
461 548,FAG,54.0,2.0
447 959,ORIGINAL IMPERIUM,28.0,1.0
615 124,HART,39.0,2.0
615 124,HART,39.0,1.0
447 489,SACHS,266.0,2.0
447 489,SACHS,266.0,1.0
039 744,K2,82.0,1.0
039 744,K2,82.0,4.0
039 744,K2,82.0,5.0
039 744,K2,82.0,6.0
039 744,K2,82.0,3.0
039 744,K2,82.0,2.0
039 744,K2,82.0,9.0
015 449,HELLA,10.0,1.0
343 852,FEBI BILSTEIN,2.0,1.0
343 852,FEBI BILSTEIN,2.0,2.0
343 852,FEBI BILSTEIN,2.0,9.0
044 576,FEDERAL MOGUL,10.0,1.0
436 580,LESJÖFORS,79.0,1.0
438 411,LEMFÖRDER,62.0,5.0
438 411,LEMFÖRDER,62.0,1.0
085 432,CLIMA PARTNER,169.0,9.0
085 432,CLIMA PARTNER,169.0,6.0
224 918,TEXTAR,100.0,2.0
224 918,TEXTAR,100.0,4.0
224 918,TEXTAR,100.0,10.0
224 918,TEXTAR,100.0,6.0
224 918,TEXTAR,100.0,8.0
180 855,JMJ,385.0,1.0
453 258,LESJÖFORS,156.0,2.0
406 949,TEDGUM,1.0,1.0
232 365,HART,24.0,1.0
610 925,NISSENS,137.0,1.0
434 159,SIDEM,40.0,1.0
188 209,MIRAGLIO,423.0,1.0
055 435,GVARANT BHP 2,4.0,1.0
055 435,GVARANT BHP 2,4.0,3.0
055 435,GVARANT BHP 2,4.0,2.0
055 435,GVARANT BHP 2,4.0,4.0
055 435,GVARANT BHP 2,4.0,6.0
179 461,IZAWIT,194.0,2.0
179 461,IZAWIT,194.0,1.0
232 771,TOPRAN,23.0,1.0
307 054,GATES,29.0,1.0
552 181,MAGNETI MARELLI,157.0,1.0
254 063,TEXTAR,179.0,3.0
254 063,TEXTAR,179.0,2.0
254 063,TEXTAR,179.0,4.0
254 063,TEXTAR,179.0,8.0
420 173,MERCEDES,30.0,1.0
333 233,SKF,109.0,2.0
333 233,SKF,109.0,1.0
361 963,SKF,146.0,1.0
185 093,LEMFÖRDER,225.0,1.0
462 667,LESJÖFORS,156.0,2.0
082 409,MAGNUS,69.0,1.0
082 409,MAGNUS,69.0,2.0
358 305,VALEO,879.0,1.0
472 065,LESJÖFORS,144.0,1.0
540 343,EXIDE,239.0,1.0
540 343,EXIDE,239.0,4.0
540 343,EXIDE,239.0,2.0
458 098,TEDGUM,21.0,2.0
369 821,HENGST FILTER,51.0,6.0
369 821,HENGST FILTER,51.0,4.0
562 770,HART,74.0,4.0
562 770,HART,74.0,1.0
562 770,HART,74.0,2.0
562 776,HART,81.0,8.0
562 776,HART,81.0,1.0
562 776,HART,81.0,2.0
560 078,HELLA,26.0,1.0
526 029,HART,180.0,8.0
526 029,HART,180.0,1.0
201 488,COFLE,54.0,1.0
621 174,HART,56.0,1.0
621 174,HART,56.0,3.0
526 503,AS-PL,71.0,1.0
229 904,TRW,181.0,2.0
229 904,TRW,181.0,1.0
229 904,TRW,181.0,3.0
388 297,HENGST FILTER,40.0,1.0
002 947,HART,16.0,1.0
002 947,HART,16.0,2.0
253 927,HART,25.0,1.0
474 168,SIDEM,64.0,1.0
454 163,HART,6.0,10.0
454 163,HART,6.0,2.0
156 739,HART,22.0,1.0
156 739,HART,22.0,2.0
400 475,SIDEM,64.0,3.0
400 475,SIDEM,64.0,1.0
060 737,CONDORTOOLS II,52.0,1.0
060 737,CONDORTOOLS II,52.0,3.0
060 737,CONDORTOOLS II,52.0,2.0
353 217,SACHS,627.0,1.0
370 983,VAICO,87.0,1.0
229 844,TRW,174.0,1.0
563 749,ABAKUS,52.0,8.0
563 749,ABAKUS,52.0,1.0
483 851,SASIC,18.0,2.0
483 851,SASIC,18.0,8.0
483 851,SASIC,18.0,6.0
483 851,SASIC,18.0,4.0
610 650,TYC,235.0,1.0
427 141,HART,22.0,3.0
427 141,HART,22.0,2.0
427 141,HART,22.0,6.0
427 141,HART,22.0,4.0
530 747,HART,252.0,6.0
530 747,HART,252.0,1.0
530 747,HART,252.0,2.0
530 747,HART,252.0,3.0
459 076,LÖBRO,44.0,4.0
459 076,LÖBRO,44.0,1.0
140 837,ROMIX PACZKI,14.0,3.0
140 837,ROMIX PACZKI,14.0,1.0
179 444,IZAWIT,194.0,1.0
602 144,CALORSTAT by Vernet,43.0,1.0
339 786,TOPRAN,78.0,9.0
527 650,NEW AGE,6.0,2.0
527 650,NEW AGE,6.0,1.0
083 172,LINDE,5.0,1.0
374 058,GATES,329.0,1.0
511 141,HART,31.0,7.0
357 998,SKF,20.0,1.0
611 555,HART,361.0,1.0
478 847,SACHS,161.0,1.0
478 847,SACHS,161.0,2.0
084 523,MILWAUKEE,64.0,2.0
084 523,MILWAUKEE,64.0,1.0
084 523,MILWAUKEE,64.0,5.0
549 362,TYC,184.0,1.0
608 265,VILECTRA,30.0,1.0
541 475,FEBI BILSTEIN,77.0,1.0
533 569,BOSCH,226.0,1.0
533 569,BOSCH,226.0,2.0
533 569,BOSCH,226.0,5.0
533 569,BOSCH,226.0,3.0
379 343,FEBI BILSTEIN,124.0,1.0
538 769,AS-PL,67.0,1.0
405 636,TOPRAN,5.0,1.0
405 636,TOPRAN,5.0,2.0
611 641,HART,36.0,1.0
611 641,HART,36.0,2.0
003 020,HART,20.0,1.0
003 020,HART,20.0,9.0
517 518,NGK,166.0,2.0
517 518,NGK,166.0,1.0
461 177,FAG,32.0,2.0
461 177,FAG,32.0,3.0
461 177,FAG,32.0,1.0
461 177,FAG,32.0,4.0
450 065,HART,83.0,2.0
450 065,HART,83.0,4.0
450 065,HART,83.0,6.0
334 021,HART,24.0,1.0
532 739,MEAT & DORIA,223.0,1.0
209 314,OJD AUTOMOTIVE APS,3.0,1.0
060 047,FA1,10.0,2.0
060 047,FA1,10.0,1.0
379 350,SKF,409.0,3.0
379 350,SKF,409.0,1.0
379 350,SKF,409.0,2.0
563 969,OSRAM,43.0,5.0
479 869,SIDEM,10.0,1.0
361 663,FILTRON,43.0,2.0
361 663,FILTRON,43.0,1.0
141 515,KLOKKERHOLM,481.0,6.0
141 515,KLOKKERHOLM,481.0,1.0
061 850,PREMIEREUROPE,42.0,2.0
061 850,PREMIEREUROPE,42.0,1.0
407 283,SIDEM,61.0,1.0
183 671,ABAKUS,35.0,1.0
261 056,ROTINGER,78.0,2.0
623 932,HART,99.0,4.0
623 932,HART,99.0,2.0
623 932,HART,99.0,1.0
624 576,HART,36.0,9.0
624 576,HART,36.0,1.0
624 576,HART,36.0,2.0
527 240,HART,168.0,2.0
527 240,HART,168.0,1.0
555 587,OSRAM,96.0,10.0
555 587,OSRAM,96.0,1.0
063 585,CONDORTOOLS II,89.0,3.0
063 585,CONDORTOOLS II,89.0,1.0
063 585,CONDORTOOLS II,89.0,2.0
063 585,CONDORTOOLS II,89.0,4.0
459 811,HART,60.0,2.0
459 811,HART,60.0,1.0
503 507,BERU AG,35.0,4.0
503 507,BERU AG,35.0,6.0
503 507,BERU AG,35.0,5.0
503 507,BERU AG,35.0,8.0
503 507,BERU AG,35.0,9.0
503 507,BERU AG,35.0,7.0
257 359,HART,26.0,7.0
257 359,HART,26.0,1.0
526 121,HART,15.0,1.0
526 121,HART,15.0,2.0
526 121,HART,15.0,6.0
526 121,HART,15.0,5.0
479 673,FA1,4.0,1.0
479 673,FA1,4.0,3.0
479 673,FA1,4.0,2.0
081 592,HAZET,99.0,4.0
545 400,BOSCH,48.0,8.0
545 400,BOSCH,48.0,4.0
381 123,SACHS,279.0,1.0
155 885,HART,20.0,1.0
155 885,HART,20.0,2.0
155 885,HART,20.0,6.0
155 885,HART,20.0,3.0
611 448,HART,31.0,9.0
611 448,HART,31.0,1.0
611 448,HART,31.0,4.0
550 587,O.S.C.,43.0,1.0
424 123,FEBI BILSTEIN,18.0,5.0
424 123,FEBI BILSTEIN,18.0,1.0
462 624,LESJÖFORS,93.0,1.0
086 113,MAGNUS,299.0,10.0
224 006,HART,64.0,1.0
224 006,HART,64.0,2.0
083 394,DELTA - TECHNIKA,299.0,3.0
083 394,DELTA - TECHNIKA,299.0,1.0
083 394,DELTA - TECHNIKA,299.0,2.0
482 121,HART,74.0,1.0
563 115,HERTH+BUSS ELPARTS,95.0,6.0
563 115,HERTH+BUSS ELPARTS,95.0,1.0
563 115,HERTH+BUSS ELPARTS,95.0,2.0
563 115,HERTH+BUSS ELPARTS,95.0,4.0
563 115,HERTH+BUSS ELPARTS,95.0,5.0
074 777,TEDGUM,18.0,2.0
318 140,FILTRON,35.0,8.0
318 140,FILTRON,35.0,7.0
318 140,FILTRON,35.0,2.0
318 140,FILTRON,35.0,4.0
318 140,FILTRON,35.0,1.0
318 140,FILTRON,35.0,6.0
318 140,FILTRON,35.0,3.0
236 793,ERT,21.0,5.0
236 793,ERT,21.0,1.0
061 849,PREMIEREUROPE,32.0,1.0
061 849,PREMIEREUROPE,32.0,3.0
061 849,PREMIEREUROPE,32.0,2.0
061 849,PREMIEREUROPE,32.0,4.0
438 477,HART,30.0,2.0
438 477,HART,30.0,6.0
438 477,HART,30.0,1.0
438 477,HART,30.0,3.0
438 477,HART,30.0,4.0
549 481,FEBI BILSTEIN,204.0,1.0
240 988,HART,25.0,1.0
482 630,TEDGUM,11.0,2.0
429 301,LESJÖFORS,90.0,4.0
429 301,LESJÖFORS,90.0,2.0
303 401,FEDERAL MOGUL,25.0,1.0
303 401,FEDERAL MOGUL,25.0,3.0
361 269,HART,30.0,1.0
410 387,LEMFÖRDER,58.0,2.0
402 413,LESJÖFORS,56.0,2.0
154 617,TYC,20.0,1.0
154 617,TYC,20.0,2.0
154 617,TYC,20.0,3.0
394 864,OE,58.0,2.0
394 864,OE,58.0,1.0
080 562,TOPEX,29.0,1.0
475 498,FAG,18.0,9.0
475 498,FAG,18.0,2.0
475 498,FAG,18.0,1.0
475 498,FAG,18.0,4.0
475 498,FAG,18.0,8.0
627 953,GATES,75.0,1.0
231 155,HART,24.0,2.0
231 155,HART,24.0,5.0
231 155,HART,24.0,4.0
231 155,HART,24.0,6.0
231 155,HART,24.0,7.0
368 940,HART,24.0,8.0
368 940,HART,24.0,1.0
428 075,METELLI S.P.A.,119.0,2.0
428 075,METELLI S.P.A.,119.0,1.0
564 151,HART,128.0,1.0
564 151,HART,128.0,2.0
420 816,HART,6.0,4.0
420 816,HART,6.0,1.0
420 816,HART,6.0,2.0
420 816,HART,6.0,3.0
162 722,IZAWIT,194.0,1.0
456 792,HART,22.0,2.0
456 792,HART,22.0,3.0
456 792,HART,22.0,1.0
311 466,BOSCH,7.0,3.0
311 466,BOSCH,7.0,5.0
311 466,BOSCH,7.0,1.0
311 466,BOSCH,7.0,2.0
148 089,HART,21.0,1.0
148 089,HART,21.0,2.0
148 089,HART,21.0,8.0
148 089,HART,21.0,4.0
077 369,TOPEX,61.0,1.0
077 369,TOPEX,61.0,2.0
077 369,TOPEX,61.0,4.0
077 369,TOPEX,61.0,3.0
606 036,NISSENS,283.0,1.0
218 747,COFLE,30.0,1.0
183 323,TOPRAN,154.0,1.0
112 365,HART,100.0,7.0
112 365,HART,100.0,8.0
112 365,HART,100.0,6.0
112 365,HART,100.0,5.0
112 365,HART,100.0,3.0
112 365,HART,100.0,4.0
112 365,HART,100.0,2.0
233 596,TEXTAR,124.0,1.0
233 596,TEXTAR,124.0,2.0
233 596,TEXTAR,124.0,4.0
522 387,DELPHI,43.0,1.0
522 387,DELPHI,43.0,4.0
522 387,DELPHI,43.0,2.0
522 387,DELPHI,43.0,5.0
447 499,SACHS,266.0,2.0
447 499,SACHS,266.0,1.0
373 270,HART,13.0,2.0
373 270,HART,13.0,1.0
373 270,HART,13.0,10.0
373 270,HART,13.0,3.0
373 270,HART,13.0,4.0
373 270,HART,13.0,6.0
373 270,HART,13.0,7.0
445 523,SIDEM,54.0,2.0
623 598,NISSENS,240.0,1.0
540 050,MAGNETI MARELLI,48.0,1.0
511 140,HART,31.0,2.0
511 140,HART,31.0,1.0
511 140,HART,31.0,6.0
153 629,ABAKUS,228.0,1.0
305 650,MANN-FILTER,112.0,1.0
514 165,HART,31.0,1.0
242 252,TEXTAR,82.0,2.0
156 740,HART,21.0,1.0
156 740,HART,21.0,2.0
156 740,HART,21.0,5.0
537 342,FAE,114.0,1.0
119 585,BRONOWSKI,30.0,3.0
404 057,KLARIUS,25.0,1.0
259 716,COFLE,116.0,1.0
259 565,LPR,11.0,2.0
259 565,LPR,11.0,5.0
259 565,LPR,11.0,3.0
259 565,LPR,11.0,1.0
259 565,LPR,11.0,8.0
259 565,LPR,11.0,4.0
221 170,HART,6.0,2.0
221 170,HART,6.0,6.0
221 170,HART,6.0,5.0
221 170,HART,6.0,10.0
221 170,HART,6.0,7.0
221 170,HART,6.0,3.0
221 170,HART,6.0,4.0
221 170,HART,6.0,1.0
357 950,SKF,20.0,1.0
527 656,NEW AGE,13.0,1.0
521 668,BOSCH,9.0,1.0
521 668,BOSCH,9.0,2.0
249 884,HART,24.0,1.0
554 562,HERTH+BUSS ELPARTS,29.0,1.0
477 565,SIDEM,54.0,2.0
453 341,LEMFÖRDER,54.0,2.0
453 341,LEMFÖRDER,54.0,1.0
535 697,HART,336.0,4.0
535 697,HART,336.0,1.0
526 598,NGK,565.0,1.0
610 592,TYC,197.0,1.0
395 900,SUNSTAR,349.0,1.0
080 819,DELTA - TECHNIKA,479.0,2.0
080 819,DELTA - TECHNIKA,479.0,1.0
410 251,METELLI,292.0,1.0
440 139,FEBI BILSTEIN,7.0,1.0
080 561,TOPEX,29.0,1.0
390 002,HART,85.0,1.0
476 929,LÖBRO,598.0,1.0
544 506,AS-PL,71.0,1.0
364 586,LuK,611.0,1.0
602 733,NISSENS,368.0,1.0
540 696,AS-PL,426.0,1.0
079 931,CONDORTOOLS II,39.0,1.0
079 931,CONDORTOOLS II,39.0,2.0
229 679,TRW,174.0,2.0
420 506,HART,22.0,2.0
420 506,HART,22.0,1.0
420 506,HART,22.0,6.0
110 830,TYC,51.0,3.0
110 830,TYC,51.0,2.0
355 046,BCC MOTO,43.0,1.0
525 692,HART,185.0,1.0
259 508,TEXTAR,173.0,1.0
440 547,TOPRAN,9.0,1.0
440 547,TOPRAN,9.0,2.0
625 231,Airstal,555.0,1.0
085 514,SCANGRIP,351.0,4.0
461 194,FAG,161.0,1.0
408 864,SASIC,21.0,1.0
393 170,BLUE PRINT,13.0,1.0
624 218,NISSENS,1042.0,1.0
455 298,LEMFÖRDER,249.0,1.0
230 444,TRW,94.0,4.0
230 444,TRW,94.0,1.0
230 444,TRW,94.0,2.0
230 444,TRW,94.0,3.0
230 444,TRW,94.0,5.0
230 444,TRW,94.0,9.0
074 451,PREMIEREUROPE,67.0,7.0
074 451,PREMIEREUROPE,67.0,1.0
074 451,PREMIEREUROPE,67.0,3.0
380 999,SACHS,23.0,4.0
380 999,SACHS,23.0,1.0
380 999,SACHS,23.0,2.0
316 997,COFLE,80.0,1.0
242 028,TRW,139.0,4.0
242 028,TRW,139.0,1.0
242 028,TRW,139.0,3.0
242 028,TRW,139.0,2.0
242 028,TRW,139.0,5.0
158 939,HART,21.0,1.0
158 939,HART,21.0,3.0
158 939,HART,21.0,2.0
431 631,HART,15.0,1.0
431 631,HART,15.0,10.0
022 655,HART,10.0,2.0
022 655,HART,10.0,4.0
022 655,HART,10.0,5.0
022 655,HART,10.0,8.0
022 655,HART,10.0,6.0
525 689,HART,170.0,7.0
525 689,HART,170.0,1.0
471 050,FA1,28.0,1.0
471 050,FA1,28.0,2.0
471 050,FA1,28.0,3.0
346 002,SASIC,51.0,1.0
540 370,AS-PL,582.0,1.0
443 608,SIDEM,15.0,2.0
613 209,SASIC,62.0,4.0
613 209,SASIC,62.0,3.0
613 209,SASIC,62.0,1.0
341 448,M.LINE FILTRY,35.0,1.0
341 448,M.LINE FILTRY,35.0,2.0
555 675,ABAKUS,343.0,1.0
432 555,LESJÖFORS,146.0,4.0
224 072,BREMBO,104.0,1.0
331 922,ORIGINAL IMPERIUM,200.0,1.0
525 046,TRW,33.0,3.0
525 046,TRW,33.0,1.0
551 838,HELLA,144.0,1.0
161 440,HART,25.0,4.0
161 440,HART,25.0,1.0
622 994,HART,231.0,2.0
437 993,HART,30.0,2.0
340 066,FILTRON,62.0,1.0
340 066,FILTRON,62.0,2.0
340 066,FILTRON,62.0,10.0
403 595,SIDEM,36.0,2.0
403 595,SIDEM,36.0,1.0
527 626,NEW AGE,5.0,2.0
527 626,NEW AGE,5.0,4.0
527 626,NEW AGE,5.0,1.0
454 760,TOPRAN,11.0,2.0
156 741,HART,18.0,1.0
156 741,HART,18.0,2.0
156 741,HART,18.0,4.0
156 741,HART,18.0,3.0
217 774,LPR,46.0,1.0
217 774,LPR,46.0,2.0
102 745,ABAKUS,126.0,2.0
451 571,HART,15.0,1.0
451 571,HART,15.0,2.0
220 948,OJD AUTOMOTIVE APS,24.0,2.0
220 948,OJD AUTOMOTIVE APS,24.0,5.0
483 544,SIDEM,212.0,1.0
300 586,GATES,17.0,2.0
300 586,GATES,17.0,1.0
481 755,GOTTEN BERG,563.0,1.0
355 809,SKF,46.0,1.0
180 887,JMJ,178.0,1.0
180 887,JMJ,178.0,3.0
251 553,FTE,189.0,1.0
387 967,HART,70.0,3.0
387 967,HART,70.0,1.0
387 967,HART,70.0,5.0
387 833,HART,94.0,1.0
387 833,HART,94.0,2.0
510 423,NGK,34.0,1.0
510 423,NGK,34.0,2.0
510 423,NGK,34.0,4.0
526 010,NGK,216.0,1.0
564 767,HART,360.0,2.0
150 928,TYC,95.0,1.0
150 928,TYC,95.0,2.0
612 518,HART,297.0,1.0
534 296,HART,8.0,2.0
534 296,HART,8.0,1.0
534 296,HART,8.0,4.0
534 296,HART,8.0,3.0
540 248,MAGNETI MARELLI,232.0,1.0
540 248,MAGNETI MARELLI,232.0,2.0
458 647,LÖBRO,16.0,2.0
458 647,LÖBRO,16.0,1.0
041 108,ROMIX PACZKI,4.0,3.0
041 108,ROMIX PACZKI,4.0,1.0
041 108,ROMIX PACZKI,4.0,2.0
041 108,ROMIX PACZKI,4.0,7.0
554 352,NGK,225.0,1.0
353 040,HART,22.0,1.0
528 072,NEW AGE,6.0,8.0
528 072,NEW AGE,6.0,1.0
528 072,NEW AGE,6.0,6.0
528 072,NEW AGE,6.0,4.0
528 072,NEW AGE,6.0,3.0
528 072,NEW AGE,6.0,2.0
443 880,HART,21.0,2.0
443 880,HART,21.0,1.0
443 880,HART,21.0,3.0
232 397,HART,49.0,1.0
232 397,HART,49.0,2.0
232 397,HART,49.0,3.0
232 397,HART,49.0,4.0
610 156,HART,28.0,1.0
610 156,HART,28.0,5.0
327 080,MANN-FILTER,33.0,1.0
327 080,MANN-FILTER,33.0,4.0
451 627,HART,15.0,9.0
451 627,HART,15.0,1.0
020 001,M.LINE SKUTER,12.0,1.0
225 353,QUICK BRAKE,15.0,1.0
339 856,MEIWA,11.0,1.0
228 884,HART,89.0,4.0
228 884,HART,89.0,2.0
228 884,HART,89.0,6.0
228 884,HART,89.0,10.0
228 884,HART,89.0,8.0
522 791,DELPHI,82.0,1.0
064 901,LIQUI MOLY,173.0,10.0
064 901,LIQUI MOLY,173.0,1.0
064 901,LIQUI MOLY,173.0,3.0
064 901,LIQUI MOLY,173.0,9.0
064 901,LIQUI MOLY,173.0,2.0
064 901,LIQUI MOLY,173.0,4.0
064 901,LIQUI MOLY,173.0,6.0
620 479,HART,84.0,1.0
620 479,HART,84.0,2.0
620 479,HART,84.0,4.0
527 115,VEMO,123.0,2.0
169 542,KOLBENSCHMIDT,76.0,1.0
169 542,KOLBENSCHMIDT,76.0,2.0
622 348,Airstal,556.0,1.0
484 076,SIDEM,54.0,1.0
484 076,SIDEM,54.0,2.0
613 663,VALEO,571.0,1.0
145 229,HART,24.0,1.0
145 229,HART,24.0,2.0
342 029,FAI AutoParts,922.0,1.0
342 029,FAI AutoParts,922.0,2.0
211 672,QUICK BRAKE,24.0,3.0
211 672,QUICK BRAKE,24.0,1.0
171 034,RENNER,249.0,1.0
079 020,TECHMAN ASTA,32.0,7.0
079 020,TECHMAN ASTA,32.0,1.0
435 587,SIDEM,10.0,2.0
435 587,SIDEM,10.0,1.0
530 624,DELPHI,182.0,1.0
252 634,TRW,101.0,1.0
229 178,LPR,101.0,2.0
229 178,LPR,101.0,1.0
185 249,MEAT & DORIA,306.0,4.0
185 249,MEAT & DORIA,306.0,1.0
322 366,INA,119.0,1.0
232 846,TEXTAR,161.0,2.0
431 495,SIDEM,10.0,1.0
431 495,SIDEM,10.0,2.0
102 539,SCHAFERBARTHOLD,5.0,2.0
102 539,SCHAFERBARTHOLD,5.0,1.0
223 606,ERT,22.0,1.0
248 854,LPR,18.0,1.0
607 249,HART,29.0,1.0
463 471,SIDEM,59.0,1.0
445 903,FEBI BILSTEIN,93.0,1.0
564 533,HART,371.0,6.0
564 533,HART,371.0,1.0
564 533,HART,371.0,2.0
262 583,BOSCH,237.0,2.0
085 459,AUTOELEKTRONIKA,85.0,2.0
085 459,AUTOELEKTRONIKA,85.0,1.0
374 375,HART,30.0,1.0
227 822,HART,15.0,1.0
227 822,HART,15.0,2.0
326 640,SACHS,521.0,2.0
341 552,M.LINE FILTRY,21.0,1.0
410 376,FEBI BILSTEIN,79.0,4.0
410 376,FEBI BILSTEIN,79.0,1.0
145 291,TYC,19.0,1.0
145 291,TYC,19.0,3.0
529 271,AS-PL,32.0,2.0
529 271,AS-PL,32.0,1.0
158 942,HART,21.0,1.0
158 942,HART,21.0,6.0
158 942,HART,21.0,2.0
158 942,HART,21.0,3.0
158 942,HART,21.0,5.0
158 942,HART,21.0,4.0
405 453,TEDGUM,17.0,1.0
405 453,TEDGUM,17.0,2.0
562 768,HART,70.0,1.0
019 758,GUDEPOL,170.0,4.0
019 758,GUDEPOL,170.0,1.0
071 748,CASTEX,63.0,3.0
071 748,CASTEX,63.0,2.0
068 688,HART,135.0,8.0
068 688,HART,135.0,2.0
068 688,HART,135.0,1.0
068 688,HART,135.0,5.0
564 713,OE,145.0,1.0
564 713,OE,145.0,2.0
564 713,OE,145.0,3.0
564 713,OE,145.0,5.0
438 066,FEBI BILSTEIN,40.0,1.0
186 595,SCANGRIP,141.0,1.0
237 378,TEXTAR,149.0,2.0
527 475,NEW AGE,8.0,1.0
527 475,NEW AGE,8.0,3.0
527 475,NEW AGE,8.0,6.0
354 160,FILTRON,42.0,1.0
452 354,SIDEM,59.0,1.0
026 082,CARS CENTER,650.0,2.0
026 082,CARS CENTER,650.0,1.0
241 389,TRW,12.0,2.0
241 389,TRW,12.0,1.0
332 212,GATES,21.0,1.0
536 298,AS-PL,75.0,1.0
408 415,TEDGUM,1.0,1.0
542 507,AS-PL,9.0,1.0
150 014,TYC,76.0,1.0
150 014,TYC,76.0,2.0
612 063,NISSENS,305.0,2.0
462 456,SIDEM,399.0,1.0
471 458,FEBI BILSTEIN,222.0,1.0
332 280,GATES,46.0,1.0
476 364,KYB,115.0,2.0
476 364,KYB,115.0,8.0
069 139,SCANGRIP,465.0,2.0
069 139,SCANGRIP,465.0,1.0
620 750,NISSENS,742.0,1.0
256 934,HART,26.0,7.0
256 934,HART,26.0,1.0
355 277,RMS,146.0,1.0
554 751,AS-PL,329.0,2.0
554 751,AS-PL,329.0,1.0
528 483,AS-PL,67.0,1.0
379 851,GATES,203.0,1.0
621 408,HART,303.0,3.0
621 408,HART,303.0,1.0
621 408,HART,303.0,2.0
359 224,MANN-FILTER,54.0,3.0
359 224,MANN-FILTER,54.0,1.0
359 224,MANN-FILTER,54.0,2.0
432 945,HART,102.0,1.0
534 342,HART,368.0,1.0
534 342,HART,368.0,2.0
534 342,HART,368.0,3.0
203 884,LPR,163.0,1.0
448 885,HART,22.0,1.0
448 885,HART,22.0,2.0
448 885,HART,22.0,4.0
448 885,HART,22.0,5.0
158 834,ROMIX PACZKI,8.0,1.0
158 834,ROMIX PACZKI,8.0,3.0
158 834,ROMIX PACZKI,8.0,2.0
158 834,ROMIX PACZKI,8.0,6.0
054 219,NARZEDZIA WARSZTAT,6.0,1.0
348 436,FEBI BILSTEIN,7.0,2.0
348 436,FEBI BILSTEIN,7.0,1.0
348 436,FEBI BILSTEIN,7.0,4.0
348 436,FEBI BILSTEIN,7.0,3.0
261 633,TEXTAR,133.0,1.0
170 390,ABAKUS,29.0,4.0
170 390,ABAKUS,29.0,1.0
476 064,LÖBRO,39.0,1.0
325 214,FILTRON,27.0,1.0
325 214,FILTRON,27.0,3.0
325 214,FILTRON,27.0,2.0
325 214,FILTRON,27.0,4.0
325 214,FILTRON,27.0,5.0
325 214,FILTRON,27.0,10.0
028 417,BOLL,8.0,4.0
028 417,BOLL,8.0,3.0
028 417,BOLL,8.0,2.0
028 417,BOLL,8.0,1.0
336 765,SACHS,183.0,1.0
526 031,HART,228.0,5.0
526 031,HART,228.0,1.0
526 031,HART,228.0,3.0
238 912,TRW,181.0,1.0
527 442,VALEO,160.0,1.0
486 851,WRC,252.0,1.0
077 812,AMTRA,18.0,6.0
077 812,AMTRA,18.0,1.0
077 812,AMTRA,18.0,8.0
077 812,AMTRA,18.0,2.0
602 075,NISSENS,239.0,1.0
628 040,GATES,33.0,2.0
628 040,GATES,33.0,1.0
512 330,AS-PL,448.0,1.0
620 099,NISSENS,164.0,1.0
466 729,VICMA,38.0,1.0
425 800,SIDEM,207.0,1.0
061 854,PREMIEREUROPE,110.0,1.0
061 854,PREMIEREUROPE,110.0,4.0
462 099,HART,224.0,2.0
524 750,HART,125.0,9.0
524 750,HART,125.0,1.0
524 750,HART,125.0,2.0
359 094,HART,100.0,1.0
359 094,HART,100.0,2.0
535 007,CALORSTAT by Vernet,13.0,1.0
377 376,SACHS,514.0,1.0
154 633,HART,21.0,2.0
154 633,HART,21.0,1.0
154 633,HART,21.0,3.0
154 633,HART,21.0,4.0
188 559,TYC,20.0,1.0
225 311,COFLE,33.0,1.0
400 334,METELLI S.P.A.,50.0,1.0
368 853,HART,9.0,3.0
368 853,HART,9.0,1.0
368 853,HART,9.0,2.0
368 853,HART,9.0,6.0
242 148,TEXTAR,164.0,2.0
085 476,CASTEX,809.0,2.0
311 549,BOSCH,7.0,1.0
311 549,BOSCH,7.0,4.0
311 549,BOSCH,7.0,2.0
475 972,HART,3.0,5.0
622 521,NISSENS,1087.0,1.0
460 220,FEBI BILSTEIN,375.0,1.0
628 091,GATES,162.0,1.0
305 669,SACHS,90.0,1.0
628 024,GATES,12.0,1.0
259 411,HERTH+BUSS JAKOPARTS,124.0,4.0
202 209,OJD AUTOMOTIVE APS,27.0,1.0
422 456,HART,26.0,9.0
422 456,HART,26.0,1.0
393 238,MANN-FILTER,58.0,1.0
393 238,MANN-FILTER,58.0,2.0
393 238,MANN-FILTER,58.0,5.0
357 715,BLUE PRINT,33.0,1.0
054 338,BOSCH,36.0,6.0
054 338,BOSCH,36.0,1.0
054 338,BOSCH,36.0,5.0
054 338,BOSCH,36.0,2.0
536 955,BREMI,86.0,3.0
536 955,BREMI,86.0,1.0
407 055,SI.CO.,100.0,1.0
339 580,SACHS,640.0,1.0
548 424,HART,228.0,1.0
621 243,NISSENS,376.0,1.0
003 023,HART,20.0,1.0
003 023,HART,20.0,5.0
003 023,HART,20.0,3.0
003 023,HART,20.0,2.0
612 905,NISSENS,270.0,1.0
540 019,CALORSTAT by Vernet,56.0,1.0
237 165,HART,14.0,4.0
237 165,HART,14.0,3.0
237 165,HART,14.0,2.0
237 165,HART,14.0,6.0
237 165,HART,14.0,1.0
455 872,LEMFÖRDER,307.0,1.0
510 204,VALEO,287.0,1.0
419 738,SACHS,88.0,1.0
439 534,FEBI BILSTEIN,27.0,1.0
037 768,MOTUL,1196.0,1.0
154 636,HART,17.0,1.0
154 636,HART,17.0,2.0
154 636,HART,17.0,6.0
154 636,HART,17.0,4.0
241 103,HART,166.0,3.0
241 103,HART,166.0,2.0
241 103,HART,166.0,1.0
085 485,SATA NARZEDZIA,169.0,8.0
085 485,SATA NARZEDZIA,169.0,5.0
056 335,PREMIEREUROPE,61.0,1.0
056 335,PREMIEREUROPE,61.0,2.0
056 335,PREMIEREUROPE,61.0,3.0
056 335,PREMIEREUROPE,61.0,6.0
056 335,PREMIEREUROPE,61.0,4.0
149 993,TYC,20.0,1.0
149 993,TYC,20.0,2.0
149 993,TYC,20.0,3.0
544 190,AS-PL,43.0,1.0
179 411,IZAWIT,120.0,1.0
485 837,LEMFÖRDER,17.0,2.0
485 837,LEMFÖRDER,17.0,4.0
600 692,TOPRAN,9.0,1.0
600 692,TOPRAN,9.0,2.0
600 692,TOPRAN,9.0,3.0
525 697,HART,150.0,4.0
525 697,HART,150.0,1.0
524 660,BOSCH,74.0,7.0
524 660,BOSCH,74.0,1.0
524 660,BOSCH,74.0,3.0
079 933,TOPEX,129.0,1.0
148 353,ROMIX PACZKI,12.0,6.0
148 353,ROMIX PACZKI,12.0,1.0
148 353,ROMIX PACZKI,12.0,2.0
148 353,ROMIX PACZKI,12.0,5.0
311 593,DOLZ,113.0,1.0
346 472,HART,22.0,6.0
346 472,HART,22.0,1.0
184 062,ABAKUS,23.0,1.0
186 017,OE,119.0,1.0
461 713,FAG,90.0,2.0
461 713,FAG,90.0,1.0
062 133,CONDORTOOLS II,109.0,6.0
062 133,CONDORTOOLS II,109.0,1.0
062 133,CONDORTOOLS II,109.0,2.0
062 133,CONDORTOOLS II,109.0,3.0
551 011,HART,35.0,3.0
551 011,HART,35.0,1.0
551 011,HART,35.0,2.0
551 011,HART,35.0,8.0
125 867,ABAKUS,231.0,1.0
169 132,KOLBENSCHMIDT,149.0,1.0
312 247,ORIGINAL IMPERIUM,21.0,1.0
392 947,BCC MOTO,24.0,1.0
224 666,HART,11.0,2.0
224 666,HART,11.0,1.0
224 666,HART,11.0,4.0
382 195,CORTECO,209.0,1.0
613 988,NISSENS,482.0,1.0
256 891,TOPRAN,207.0,1.0
362 588,PURFLUX,20.0,1.0
541 449,AS-PL,718.0,1.0
602 517,HART,185.0,1.0
539 586,CALORSTAT by Vernet,72.0,1.0
085 631,K2,2.0,1.0
085 631,K2,2.0,7.0
085 631,K2,2.0,3.0
085 631,K2,2.0,4.0
085 631,K2,2.0,5.0
085 631,K2,2.0,2.0
224 364,HART,77.0,6.0
224 364,HART,77.0,4.0
224 364,HART,77.0,2.0
224 364,HART,77.0,5.0
534 360,HART,186.0,1.0
243 891,TRW,560.0,1.0
617 983,HELLA,198.0,1.0
341 621,MANN-FILTER,21.0,1.0
341 621,MANN-FILTER,21.0,2.0
341 621,MANN-FILTER,21.0,4.0
341 621,MANN-FILTER,21.0,3.0
341 621,MANN-FILTER,21.0,10.0
215 902,HART,25.0,1.0
215 902,HART,25.0,2.0
241 348,TRW,14.0,1.0
200 087,SCHAFERBARTHOLD,5.0,1.0
188 210,MIRAGLIO,423.0,1.0
536 310,AS-PL,59.0,1.0
130 300,TYC,202.0,1.0
160 821,IZAWIT,28.0,2.0
160 821,IZAWIT,28.0,1.0
160 821,IZAWIT,28.0,3.0
512 654,NGK,8.0,1.0
085 439,CLIMA PARTNER,169.0,6.0
085 439,CLIMA PARTNER,169.0,4.0
026 102,DRAPER,59.0,1.0
390 759,BOSCH,9.0,3.0
390 759,BOSCH,9.0,1.0
390 759,BOSCH,9.0,2.0
135 894,HART,6.0,1.0
135 894,HART,6.0,2.0
135 894,HART,6.0,3.0
135 894,HART,6.0,6.0
361 605,SKF,46.0,7.0
361 605,SKF,46.0,1.0
361 605,SKF,46.0,4.0
361 605,SKF,46.0,2.0
080 207,MOBIL,141.0,9.0
080 207,MOBIL,141.0,1.0
080 207,MOBIL,141.0,4.0
241 370,TRW,12.0,1.0
526 027,HART,264.0,4.0
526 027,HART,264.0,1.0
466 396,VICMA,25.0,1.0
259 982,ROTINGER,110.0,2.0
448 255,FEBI BILSTEIN,106.0,1.0
229 095,HART,83.0,2.0
229 095,HART,83.0,3.0
229 095,HART,83.0,4.0
229 095,HART,83.0,6.0
372 065,MANN-FILTER,62.0,4.0
372 065,MANN-FILTER,62.0,1.0
462 619,LESJÖFORS,115.0,1.0
429 171,LESJÖFORS,90.0,2.0
429 171,LESJÖFORS,90.0,1.0
258 611,COFLE,150.0,1.0
214 332,HART,41.0,2.0
543 206,MEAT & DORIA,240.0,2.0
112 085,TOPRAN,11.0,3.0
112 085,TOPRAN,11.0,1.0
112 085,TOPRAN,11.0,2.0
332 416,HART,11.0,4.0
332 416,HART,11.0,1.0
332 416,HART,11.0,2.0
332 416,HART,11.0,3.0
422 463,HART,15.0,6.0
422 463,HART,15.0,1.0
334 298,HAGESHII,13.0,1.0
261 539,OE,261.0,8.0
261 539,OE,261.0,1.0
611 701,NISSENS,210.0,1.0
436 568,LESJÖFORS,115.0,2.0
619 075,HART,190.0,8.0
619 075,HART,190.0,1.0
619 075,HART,190.0,2.0
607 462,CALORSTAT by Vernet,30.0,3.0
607 462,CALORSTAT by Vernet,30.0,1.0
390 591,BOSCH,805.0,1.0
562 700,HELLA,152.0,1.0
354 774,LuK,599.0,8.0
354 774,LuK,599.0,1.0
354 774,LuK,599.0,3.0
225 745,LPR,179.0,1.0
220 459,JURID,119.0,1.0
551 402,BREMI,65.0,1.0
551 402,BREMI,65.0,2.0
080 532,MAGNUS,110.0,1.0
154 638,HART,21.0,1.0
154 638,HART,21.0,4.0
154 638,HART,21.0,2.0
083 325,DELTA - TECHNIKA,189.0,1.0
083 325,DELTA - TECHNIKA,189.0,3.0
083 325,DELTA - TECHNIKA,189.0,2.0
544 714,AS-PL,89.0,1.0
235 028,ICER,73.0,1.0
235 028,ICER,73.0,2.0
081 591,HAZET,89.0,1.0
522 438,MEAT & DORIA,28.0,1.0
014 909,HART,2.0,1.0
333 720,VALEO,440.0,2.0
333 720,VALEO,440.0,1.0
346 598,INA,138.0,1.0
346 598,INA,138.0,2.0
346 598,INA,138.0,3.0
346 598,INA,138.0,4.0
346 598,INA,138.0,5.0
551 626,BREMI,65.0,1.0
410 434,LEMFÖRDER,50.0,4.0
410 434,LEMFÖRDER,50.0,2.0
232 798,TOPRAN,32.0,3.0
232 798,TOPRAN,32.0,1.0
628 300,GATES,54.0,1.0
628 300,GATES,54.0,2.0
058 009,COFRAMA,11288.0,2.0
231 807,TRW,174.0,2.0
231 807,TRW,174.0,1.0
364 373,LuK,514.0,1.0
529 650,AS-PL,261.0,1.0
516 321,NITERRA (NGK),39.0,4.0
516 321,NITERRA (NGK),39.0,2.0
485 142,FAG,41.0,1.0
358 602,LuK,1930.0,8.0
358 602,LuK,1930.0,1.0
540 592,AS-PL,717.0,1.0
564 403,ABAKUS,116.0,1.0
560 819,BREMI,226.0,1.0
511 170,HART,31.0,4.0
511 170,HART,31.0,1.0
515 187,EPS,88.0,1.0
319 294,GATES,62.0,3.0
319 294,GATES,62.0,1.0
230 407,TRW,113.0,1.0
230 407,TRW,113.0,5.0
230 407,TRW,113.0,3.0
230 407,TRW,113.0,6.0
230 407,TRW,113.0,2.0
230 407,TRW,113.0,4.0
230 407,TRW,113.0,8.0
175 832,ABAKUS,186.0,1.0
074 450,PREMIEREUROPE,41.0,5.0
074 450,PREMIEREUROPE,41.0,1.0
074 450,PREMIEREUROPE,41.0,3.0
619 985,NISSENS,881.0,1.0
170 333,KOLBENSCHMIDT,46.0,4.0
475 381,FAG,111.0,1.0
475 381,FAG,111.0,2.0
563 814,VEMO,329.0,1.0
411 738,LESJÖFORS,144.0,1.0
187 630,TYC,2295.0,1.0
022 724,LINDE,10.0,3.0
022 724,LINDE,10.0,2.0
022 724,LINDE,10.0,1.0
025 996,DRAPER,86.0,1.0
445 648,LEMFÖRDER,83.0,1.0
218 667,ERT,22.0,1.0
218 667,ERT,22.0,2.0
218 667,ERT,22.0,5.0
218 667,ERT,22.0,4.0
160 811,IZAWIT,28.0,3.0
160 811,IZAWIT,28.0,1.0
160 811,IZAWIT,28.0,2.0
346 849,M.LINE SILNIK,24.0,2.0
346 849,M.LINE SILNIK,24.0,1.0
506 328,BOSCH,74.0,1.0
523 825,OSSCA,35.0,1.0
622 390,NISSENS,921.0,3.0
622 390,NISSENS,921.0,5.0
328 104,FILTRON,17.0,8.0
328 104,FILTRON,17.0,1.0
328 104,FILTRON,17.0,2.0
328 104,FILTRON,17.0,3.0
177 341,HELLA,657.0,2.0
177 341,HELLA,657.0,1.0
611 654,ORIGINAL IMPERIUM,29.0,1.0
455 641,SASIC,8.0,1.0
455 641,SASIC,8.0,2.0
317 738,FEBI BILSTEIN,138.0,1.0
080 544,TOPEX,229.0,2.0
080 544,TOPEX,229.0,1.0
176 846,FEBI BILSTEIN,2.0,1.0
176 846,FEBI BILSTEIN,2.0,5.0
176 846,FEBI BILSTEIN,2.0,3.0
176 846,FEBI BILSTEIN,2.0,2.0
549 188,HELLA,14.0,3.0
549 188,HELLA,14.0,4.0
507 521,BOSCH,435.0,6.0
507 521,BOSCH,435.0,1.0
507 521,BOSCH,435.0,2.0
507 521,BOSCH,435.0,5.0
507 521,BOSCH,435.0,3.0
078 466,PREMIEREUROPE,58.0,2.0
078 466,PREMIEREUROPE,58.0,1.0
078 466,PREMIEREUROPE,58.0,3.0
078 466,PREMIEREUROPE,58.0,4.0
445 029,HART,22.0,1.0
481 979,TOPRAN,23.0,1.0
224 244,HART,13.0,1.0
224 244,HART,13.0,2.0
224 244,HART,13.0,10.0
456 310,HART,29.0,1.0
532 333,AS-PL,51.0,1.0
424 799,HART,22.0,3.0
424 799,HART,22.0,2.0
424 799,HART,22.0,1.0
424 799,HART,22.0,5.0
330 503,HART,100.0,1.0
330 503,HART,100.0,2.0
330 503,HART,100.0,3.0
462 348,FEBI BILSTEIN,34.0,1.0
217 193,LINEX,35.0,1.0
217 193,LINEX,35.0,2.0
331 788,FAI AutoParts,423.0,1.0
042 073,ROMIX PACZKI,7.0,1.0
042 073,ROMIX PACZKI,7.0,6.0
503 913,EPS,79.0,1.0
551 396,BREMI,65.0,1.0
551 396,BREMI,65.0,3.0
431 014,HART,24.0,9.0
431 014,HART,24.0,1.0
607 510,ORIGINAL IMPERIUM,51.0,2.0
562 520,HELLA,118.0,1.0
154 627,HART,17.0,1.0
154 627,HART,17.0,2.0
154 627,HART,17.0,10.0
154 627,HART,17.0,5.0
380 654,BLUE PRINT,20.0,1.0
031 304,CONDORTOOLS II,49.0,5.0
011 005,CARAT,62.0,1.0
476 496,KYB,87.0,10.0
476 496,KYB,87.0,2.0
029 122,NARZEDZIA WARSZTAT,106.0,4.0
029 122,NARZEDZIA WARSZTAT,106.0,1.0
029 122,NARZEDZIA WARSZTAT,106.0,2.0
349 210,RMS,74.0,1.0
472 712,FEBI BILSTEIN,106.0,1.0
047 323,HART,44.0,1.0
047 323,HART,44.0,3.0
047 323,HART,44.0,2.0
047 323,HART,44.0,9.0
556 815,HART,198.0,2.0
556 815,HART,198.0,1.0
332 303,GATES,46.0,1.0
085 488,MAGNUS,27.0,2.0
085 488,MAGNUS,27.0,1.0
522 820,PIERBURG,91.0,2.0
522 820,PIERBURG,91.0,1.0
510 458,NITERRA (NGK),25.0,1.0
508 123,BOSCH,103.0,1.0
302 326,COFLE,38.0,1.0
302 326,COFLE,38.0,5.0
397 418,SUNSTAR,236.0,2.0
042 933,PREMIEREUROPE,54.0,1.0
042 933,PREMIEREUROPE,54.0,3.0
042 933,PREMIEREUROPE,54.0,4.0
175 967,JMJ,1018.0,1.0
175 967,JMJ,1018.0,2.0
550 974,HART,36.0,1.0
550 974,HART,36.0,2.0
550 974,HART,36.0,4.0
260 400,QUICK BRAKE,24.0,2.0
260 400,QUICK BRAKE,24.0,1.0
121 870,TOPRAN,2.0,2.0
121 870,TOPRAN,2.0,1.0
121 870,TOPRAN,2.0,3.0
536 285,AS-PL,59.0,1.0
440 597,TOPRAN,32.0,1.0
440 597,TOPRAN,32.0,2.0
440 597,TOPRAN,32.0,3.0
377 428,SACHS,527.0,4.0
377 428,SACHS,527.0,1.0
222 211,NG,146.0,1.0
615 131,HART,31.0,1.0
445 964,HART,18.0,5.0
445 964,HART,18.0,1.0
528 291,NEW AGE,11.0,1.0
528 291,NEW AGE,11.0,2.0
528 291,NEW AGE,11.0,3.0
515 268,BOSCH,275.0,1.0
338 489,HART,55.0,1.0
338 489,HART,55.0,2.0
338 489,HART,55.0,4.0
037 970,K2,7.0,2.0
037 970,K2,7.0,8.0
037 970,K2,7.0,5.0
037 970,K2,7.0,4.0
037 970,K2,7.0,1.0
037 970,K2,7.0,9.0
037 970,K2,7.0,3.0
223 854,TEXTAR,133.0,1.0
223 854,TEXTAR,133.0,2.0
223 854,TEXTAR,133.0,3.0
223 854,TEXTAR,133.0,5.0
368 437,ORIGINAL IMPERIUM,87.0,2.0
318 109,FILTRON,20.0,1.0
318 109,FILTRON,20.0,7.0
476 425,KYB,115.0,4.0
476 425,KYB,115.0,3.0
476 425,KYB,115.0,2.0
476 425,KYB,115.0,5.0
349 829,NHC,15.0,4.0
559 410,HELLA,119.0,6.0
559 410,HELLA,119.0,5.0
559 410,HELLA,119.0,1.0
377 410,SACHS,1688.0,1.0
359 848,AS-PL,65.0,1.0
536 067,AS-PL,12.0,1.0
009 734,AMTRA,4.0,9.0
009 734,AMTRA,4.0,7.0
009 734,AMTRA,4.0,8.0
009 734,AMTRA,4.0,2.0
009 734,AMTRA,4.0,10.0
009 734,AMTRA,4.0,4.0
009 734,AMTRA,4.0,5.0
009 734,AMTRA,4.0,3.0
009 734,AMTRA,4.0,1.0
604 270,VALEO,60.0,1.0
617 029,SASIC,316.0,1.0
061 852,PREMIEREUROPE,75.0,3.0
061 852,PREMIEREUROPE,75.0,1.0
334 763,M.LINE SILNIK,28.0,8.0
334 763,M.LINE SILNIK,28.0,5.0
334 763,M.LINE SILNIK,28.0,1.0
334 763,M.LINE SILNIK,28.0,2.0
334 763,M.LINE SILNIK,28.0,3.0
033 784,CARS CENTER,396.0,1.0
432 799,SIDEM,54.0,1.0
432 799,SIDEM,54.0,4.0
432 799,SIDEM,54.0,2.0
432 799,SIDEM,54.0,3.0
453 250,LESJÖFORS,146.0,2.0
461 146,FAG,35.0,2.0
461 146,FAG,35.0,3.0
461 146,FAG,35.0,1.0
461 146,FAG,35.0,5.0
461 146,FAG,35.0,4.0
071 736,CASTEX,80.0,3.0
071 736,CASTEX,80.0,1.0
443 935,SIDEM,10.0,2.0
457 322,LESJÖFORS,38.0,1.0
354 488,HART,11.0,10.0
354 488,HART,11.0,2.0
354 488,HART,11.0,4.0
354 488,HART,11.0,1.0
354 488,HART,11.0,8.0
432 440,HART,24.0,1.0
432 440,HART,24.0,7.0
146 301,TYC,77.0,1.0
387 976,MANN-FILTER,116.0,1.0
387 976,MANN-FILTER,116.0,2.0
223 553,SPYRA,2.0,8.0
223 553,SPYRA,2.0,5.0
223 553,SPYRA,2.0,6.0
188 007,IZAWIT,194.0,1.0
548 644,AS-PL,24.0,1.0
319 719,LuK,322.0,8.0
319 719,LuK,322.0,1.0
319 719,LuK,322.0,2.0
319 719,LuK,322.0,3.0
161 240,VALEO,135.0,1.0
158 946,HART,18.0,1.0
158 946,HART,18.0,7.0
116 285,IZAWIT,194.0,3.0
074 501,PREMIEREUROPE,65.0,9.0
074 501,PREMIEREUROPE,65.0,1.0
074 501,PREMIEREUROPE,65.0,5.0
376 379,HART,85.0,2.0
376 379,HART,85.0,1.0
346 850,M.LINE SILNIK,12.0,1.0
438 253,HART,30.0,2.0
438 253,HART,30.0,3.0
438 253,HART,30.0,1.0
438 253,HART,30.0,4.0
438 253,HART,30.0,10.0
551 618,BREMI,65.0,1.0
554 531,HERTH+BUSS ELPARTS,29.0,1.0
103 905,FIST - VALEO,30.0,1.0
220 512,NHC,15.0,5.0
220 512,NHC,15.0,1.0
470 356,FEBI BILSTEIN,54.0,2.0
467 556,SIDEM,51.0,1.0
618 586,HART,297.0,1.0
429 847,FEBI BILSTEIN,7.0,2.0
429 847,FEBI BILSTEIN,7.0,3.0
429 847,FEBI BILSTEIN,7.0,4.0
429 847,FEBI BILSTEIN,7.0,6.0
338 315,HART,25.0,2.0
338 315,HART,25.0,1.0
025 872,NARZEDZIA WARSZTAT,55.0,5.0
025 872,NARZEDZIA WARSZTAT,55.0,1.0
025 872,NARZEDZIA WARSZTAT,55.0,2.0
084 625,HART,54.0,2.0
548 713,CASCO,294.0,1.0
440 934,HART,22.0,8.0
440 934,HART,22.0,1.0
440 934,HART,22.0,2.0
411 796,LESJÖFORS,90.0,2.0
411 796,LESJÖFORS,90.0,1.0
344 578,SACHS,989.0,1.0
525 069,BOSCH,74.0,1.0
340 826,HART,25.0,1.0
340 826,HART,25.0,4.0
514 983,SENTECH,24.0,1.0
079 826,AUTONA,149.0,9.0
079 826,AUTONA,149.0,2.0
444 827,HART,19.0,1.0
444 827,HART,19.0,2.0
444 827,HART,19.0,4.0
444 827,HART,19.0,3.0
221 166,HART,24.0,1.0
085 444,CLIMA PARTNER,79.0,7.0
154 624,HART,18.0,7.0
154 624,HART,18.0,1.0
154 624,HART,18.0,4.0
154 624,HART,18.0,2.0
154 624,HART,18.0,3.0
154 624,HART,18.0,5.0
530 792,HART,156.0,1.0
548 282,NGK,274.0,1.0
188 008,ABAKUS,52.0,2.0
406 431,HART,3.0,2.0
406 431,HART,3.0,1.0
406 431,HART,3.0,3.0
406 431,HART,3.0,4.0
406 431,HART,3.0,5.0
406 431,HART,3.0,6.0
036 224,RAVENOL,355.0,5.0
036 224,RAVENOL,355.0,1.0
036 224,RAVENOL,355.0,2.0
215 611,HART,65.0,4.0
215 611,HART,65.0,2.0
231 176,HART,25.0,1.0
231 176,HART,25.0,2.0
558 347,TEXTAR,24.0,2.0
558 347,TEXTAR,24.0,1.0
429 131,LESJÖFORS,90.0,2.0
448 050,SIDEM,10.0,2.0
391 330,FEBI BILSTEIN,2.0,9.0
391 330,FEBI BILSTEIN,2.0,1.0
391 330,FEBI BILSTEIN,2.0,8.0
391 330,FEBI BILSTEIN,2.0,4.0
391 330,FEBI BILSTEIN,2.0,3.0
391 330,FEBI BILSTEIN,2.0,10.0
318 382,FILTRON,30.0,2.0
318 382,FILTRON,30.0,1.0
318 382,FILTRON,30.0,8.0
318 382,FILTRON,30.0,4.0
318 382,FILTRON,30.0,3.0
365 598,BOSCH,26.0,1.0
365 598,BOSCH,26.0,4.0
365 598,BOSCH,26.0,2.0
365 598,BOSCH,26.0,3.0
183 936,ROMIX PACZKI,12.0,2.0
206 423,LPR,23.0,5.0
206 423,LPR,23.0,2.0
206 423,LPR,23.0,3.0
206 423,LPR,23.0,4.0
534 487,HART,162.0,1.0
241 892,TRW,233.0,2.0
079 859,ELF,173.0,3.0
079 859,ELF,173.0,1.0
079 859,ELF,173.0,6.0
410 429,HART,22.0,2.0
410 429,HART,22.0,3.0
410 429,HART,22.0,4.0
410 429,HART,22.0,1.0
443 638,SIDEM,30.0,1.0
061 846,PREMIEREUROPE,50.0,10.0
061 846,PREMIEREUROPE,50.0,1.0
061 846,PREMIEREUROPE,50.0,2.0
232 413,HART,23.0,1.0
232 413,HART,23.0,3.0
232 413,HART,23.0,2.0
166 827,LINMOT,13.0,1.0
382 719,CORTECO,106.0,1.0
328 420,HART,23.0,2.0
328 420,HART,23.0,1.0
023 168,MAGNETI MARELLI,199.0,1.0
182 503,ROMIX PACZKI,7.0,2.0
182 503,ROMIX PACZKI,7.0,1.0
613 880,NISSENS,76.0,1.0
517 362,NITERRA (NGK),12.0,1.0
517 362,NITERRA (NGK),12.0,3.0
154 920,ROMIX PACZKI,21.0,1.0
154 920,ROMIX PACZKI,21.0,2.0
615 888,BorgWarner (Wahler),50.0,1.0
393 619,BLUE PRINT,20.0,2.0
480 422,SIDEM,317.0,1.0
482 954,TEDGUM,45.0,1.0
482 954,TEDGUM,45.0,3.0
482 954,TEDGUM,45.0,2.0
357 835,VICMA,49.0,2.0
357 835,VICMA,49.0,1.0
154 632,HART,26.0,1.0
154 632,HART,26.0,2.0
154 632,HART,26.0,3.0
154 632,HART,26.0,5.0
369 253,HART,100.0,1.0
502 609,BOSCH,166.0,1.0
226 823,BLUE PRINT,105.0,3.0
226 823,BLUE PRINT,105.0,2.0
100 959,JMJ,385.0,1.0
528 481,AS-PL,67.0,1.0
183 763,ROMIX PACZKI,4.0,1.0
438 591,FEBI BILSTEIN,7.0,10.0
438 591,FEBI BILSTEIN,7.0,5.0
438 591,FEBI BILSTEIN,7.0,7.0
438 591,FEBI BILSTEIN,7.0,1.0
076 997,CASTEX,169.0,3.0
076 997,CASTEX,169.0,2.0
356 207,LuK,322.0,2.0
356 207,LuK,322.0,1.0
515 405,HART,28.0,1.0
558 643,MEAT & DORIA,17.0,1.0
558 643,MEAT & DORIA,17.0,2.0
050 661,MOTUL,43.0,2.0
050 661,MOTUL,43.0,1.0
232 401,HART,11.0,1.0
232 401,HART,11.0,3.0
232 401,HART,11.0,2.0
232 401,HART,11.0,7.0
232 401,HART,11.0,4.0
340 817,MANN-FILTER,11.0,3.0
340 817,MANN-FILTER,11.0,1.0
061 843,PREMIEREUROPE,84.0,1.0
316 408,FEBI BILSTEIN,54.0,1.0
316 408,FEBI BILSTEIN,54.0,2.0
343 531,HART,50.0,1.0
343 531,HART,50.0,2.0
351 561,FEDERAL MOGUL,66.0,4.0
451 685,HART,15.0,4.0
451 685,HART,15.0,1.0
077 866,AMTRA,10.0,1.0
077 866,AMTRA,10.0,2.0
077 866,AMTRA,10.0,4.0
540 300,DELPHI,168.0,1.0
628 119,GATES,95.0,1.0
251 998,ERT,35.0,1.0
343 124,RMS,74.0,6.0
343 124,RMS,74.0,1.0
343 124,RMS,74.0,2.0
424 798,HART,22.0,3.0
424 798,HART,22.0,2.0
424 798,HART,22.0,4.0
053 496,CONDORTOOLS II,56.0,1.0
053 496,CONDORTOOLS II,56.0,2.0
053 496,CONDORTOOLS II,56.0,3.0
056 337,PREMIEREUROPE,75.0,1.0
056 337,PREMIEREUROPE,75.0,2.0
378 444,SASIC,26.0,1.0
616 679,NISSENS,985.0,1.0
429 217,LESJÖFORS,90.0,2.0
429 217,LESJÖFORS,90.0,4.0
454 803,HART,30.0,2.0
454 803,HART,30.0,3.0
454 803,HART,30.0,4.0
454 803,HART,30.0,1.0
074 778,TEDGUM,18.0,4.0
074 778,TEDGUM,18.0,6.0
410 884,SIDEM,36.0,2.0
410 884,SIDEM,36.0,4.0
410 884,SIDEM,36.0,3.0
410 884,SIDEM,36.0,1.0
459 166,LÖBRO,31.0,1.0
459 166,LÖBRO,31.0,2.0
509 699,HART,72.0,8.0
308 112,COFLE,38.0,3.0
308 112,COFLE,38.0,1.0
308 112,COFLE,38.0,2.0
350 617,VALEO,772.0,1.0
225 128,QUICK BRAKE,15.0,1.0
068 488,TECHMAN ASTA,361.0,2.0
068 488,TECHMAN ASTA,361.0,1.0
349 470,SACHS,568.0,1.0
002 906,HART,18.0,1.0
002 906,HART,18.0,3.0
002 906,HART,18.0,2.0
002 906,HART,18.0,5.0
438 805,SIDEM,5.0,2.0
546 513,HART,234.0,2.0
546 513,HART,234.0,1.0
085 446,CLIMA PARTNER,119.0,9.0
085 446,CLIMA PARTNER,119.0,5.0
042 932,PREMIEREUROPE,104.0,3.0
042 932,PREMIEREUROPE,104.0,1.0
042 932,PREMIEREUROPE,104.0,2.0
002 730,HART,18.0,2.0
002 730,HART,18.0,1.0
002 730,HART,18.0,3.0
002 730,HART,18.0,4.0
230 591,TEXTAR,97.0,2.0
465 778,TEDGUM,4.0,2.0
465 778,TEDGUM,4.0,1.0
470 532,FEBI BILSTEIN,77.0,1.0
470 532,FEBI BILSTEIN,77.0,2.0
391 259,FEBI BILSTEIN,364.0,1.0
380 557,MANN-FILTER,29.0,1.0
380 557,MANN-FILTER,29.0,2.0
380 557,MANN-FILTER,29.0,4.0
380 557,MANN-FILTER,29.0,6.0
380 557,MANN-FILTER,29.0,9.0
380 557,MANN-FILTER,29.0,7.0
380 557,MANN-FILTER,29.0,3.0
185 639,FEBI BILSTEIN,25.0,1.0
233 851,LPR,60.0,1.0
477 586,SIDEM,64.0,1.0
477 586,SIDEM,64.0,2.0
506 483,BOSCH,34.0,2.0
506 483,BOSCH,34.0,1.0
071 758,CASTEX,178.0,3.0
071 758,CASTEX,178.0,2.0
173 882,TYC,26.0,1.0
217 178,ENZET,15.0,2.0
217 178,ENZET,15.0,1.0
369 428,BOSCH,109.0,6.0
369 428,BOSCH,109.0,1.0
301 697,HIFLOFILTRO,23.0,3.0
301 697,HIFLOFILTRO,23.0,1.0
301 697,HIFLOFILTRO,23.0,4.0
301 697,HIFLOFILTRO,23.0,6.0
301 697,HIFLOFILTRO,23.0,2.0
520 624,HART,79.0,1.0
021 699,CONDORTOOLS II,97.0,3.0
021 699,CONDORTOOLS II,97.0,1.0
367 976,GATES,153.0,3.0
367 976,GATES,153.0,1.0
305 344,TOPRAN,2.0,1.0
008 158,FEBI BILSTEIN,7.0,2.0
008 158,FEBI BILSTEIN,7.0,5.0
008 158,FEBI BILSTEIN,7.0,3.0
008 158,FEBI BILSTEIN,7.0,6.0
008 158,FEBI BILSTEIN,7.0,1.0
008 158,FEBI BILSTEIN,7.0,9.0
082 368,TECHMAN ASTA,123.0,1.0
484 695,SIDEM,54.0,8.0
484 695,SIDEM,54.0,1.0
429 724,LESJÖFORS,90.0,2.0
429 724,LESJÖFORS,90.0,1.0
483 554,SIDEM,212.0,1.0
205 030,SIFFERT,83.0,1.0
538 559,AS-PL,705.0,1.0
130 849,HART,5.0,1.0
130 849,HART,5.0,2.0
130 849,HART,5.0,4.0
130 849,HART,5.0,3.0
374 247,INA,172.0,3.0
374 247,INA,172.0,2.0
374 247,INA,172.0,1.0
227 820,HART,15.0,1.0
553 124,DELPHI,83.0,1.0
353 156,SKF,59.0,6.0
353 156,SKF,59.0,2.0
353 156,SKF,59.0,1.0
353 156,SKF,59.0,4.0
535 024,CALORSTAT by Vernet,13.0,7.0
535 024,CALORSTAT by Vernet,13.0,1.0
535 024,CALORSTAT by Vernet,13.0,3.0
023 278,NARZEDZIA WARSZTAT,4.0,1.0
558 484,HELLA,1.0,1.0
061 844,PREMIEREUROPE,107.0,1.0
061 847,PREMIEREUROPE,67.0,1.0
061 847,PREMIEREUROPE,67.0,2.0
485 249,HART,22.0,8.0
485 249,HART,22.0,2.0
485 249,HART,22.0,4.0
074 575,TEDGUM,18.0,2.0
074 575,TEDGUM,18.0,3.0
074 575,TEDGUM,18.0,1.0
518 617,TOPRAN,5.0,1.0
129 609,M.LINE OŚWIETLENIE,32.0,1.0
129 609,M.LINE OŚWIETLENIE,32.0,2.0
129 609,M.LINE OŚWIETLENIE,32.0,4.0
319 065,FILTRON,23.0,1.0
319 065,FILTRON,23.0,2.0
319 065,FILTRON,23.0,3.0
172 139,ABAKUS,205.0,1.0
235 162,ICER,73.0,1.0
405 015,LESJÖFORS,90.0,1.0
399 402,OSVAT,14.0,4.0
616 026,HART,130.0,8.0
616 026,HART,130.0,1.0
616 026,HART,130.0,2.0
616 026,HART,130.0,7.0
346 719,FILTRON,45.0,5.0
346 719,FILTRON,45.0,2.0
346 719,FILTRON,45.0,6.0
346 719,FILTRON,45.0,1.0
346 719,FILTRON,45.0,4.0
346 719,FILTRON,45.0,7.0
346 719,FILTRON,45.0,3.0
346 719,FILTRON,45.0,8.0
213 975,LPR,16.0,5.0
213 975,LPR,16.0,2.0
213 975,LPR,16.0,6.0
213 975,LPR,16.0,1.0
185 487,IZAWIT,194.0,1.0
257 872,BOSCH,91.0,2.0
257 872,BOSCH,91.0,8.0
257 872,BOSCH,91.0,4.0
257 872,BOSCH,91.0,1.0
257 872,BOSCH,91.0,6.0
433 012,LESJÖFORS,90.0,2.0
433 012,LESJÖFORS,90.0,6.0
433 012,LESJÖFORS,90.0,3.0
433 012,LESJÖFORS,90.0,4.0
605 534,HELLA,24.0,1.0
410 374,FEBI BILSTEIN,79.0,1.0
619 076,HART,100.0,5.0
619 076,HART,100.0,1.0
619 076,HART,100.0,2.0
564 518,HART,301.0,1.0
564 518,HART,301.0,2.0
564 518,HART,301.0,4.0
564 518,HART,301.0,3.0
564 518,HART,301.0,5.0
387 799,MANN-FILTER,50.0,1.0
531 448,AS-PL,25.0,1.0
484 499,TEDGUM,30.0,1.0
412 789,TEDGUM,11.0,4.0
412 789,TEDGUM,11.0,6.0
412 789,TEDGUM,11.0,2.0
412 789,TEDGUM,11.0,8.0
417 990,HART,15.0,2.0
417 990,HART,15.0,1.0
417 990,HART,15.0,3.0
417 990,HART,15.0,8.0
614 530,HART,99.0,1.0
338 641,HART,115.0,9.0
338 641,HART,115.0,1.0
506 446,VALEO,14.0,1.0
562 684,HART,31.0,1.0
426 489,SIDEM,61.0,1.0
510 470,NGK,37.0,2.0
510 470,NGK,37.0,1.0
160 972,IZAWIT,194.0,1.0
236 807,QUICK BRAKE,24.0,1.0
187 629,TYC,2295.0,1.0
352 259,FEBI BILSTEIN,138.0,1.0
176 114,STEINHOF,867.0,1.0
229 093,HART,65.0,2.0
229 093,HART,65.0,4.0
071 732,CASTEX,91.0,2.0
523 593,AS-PL,332.0,3.0
523 593,AS-PL,332.0,1.0
312 090,MANN-FILTER,37.0,7.0
312 090,MANN-FILTER,37.0,1.0
312 090,MANN-FILTER,37.0,4.0
312 090,MANN-FILTER,37.0,3.0
312 090,MANN-FILTER,37.0,2.0
429 949,ZESTAWY NAPRAWCZE,40.0,1.0
349 924,INA,40.0,4.0
349 924,INA,40.0,1.0
349 924,INA,40.0,2.0
236 559,TRW,99.0,1.0
236 559,TRW,99.0,2.0
236 559,TRW,99.0,3.0
236 559,TRW,99.0,6.0
236 559,TRW,99.0,4.0
377 373,SACHS,1249.0,1.0
070 508,PREMIEREUROPE,90.0,1.0
070 508,PREMIEREUROPE,90.0,2.0
361 287,BLUE PRINT,419.0,1.0
609 545,ORIGINAL IMPERIUM,28.0,1.0
230 710,TEXTAR,200.0,1.0
230 710,TEXTAR,200.0,5.0
230 710,TEXTAR,200.0,2.0
170 391,ABAKUS,29.0,2.0
170 391,ABAKUS,29.0,1.0
537 077,FEBI BILSTEIN,242.0,1.0
399 356,OSVAT,10.0,1.0
399 356,OSVAT,10.0,4.0
399 356,OSVAT,10.0,8.0
399 356,OSVAT,10.0,7.0
526 171,HART,120.0,1.0
526 171,HART,120.0,2.0
448 118,FEBI BILSTEIN,45.0,2.0
448 118,FEBI BILSTEIN,45.0,4.0
448 118,FEBI BILSTEIN,45.0,6.0
448 118,FEBI BILSTEIN,45.0,3.0
448 118,FEBI BILSTEIN,45.0,1.0
448 118,FEBI BILSTEIN,45.0,8.0
448 118,FEBI BILSTEIN,45.0,5.0
201 879,TEXTAR,118.0,1.0
201 879,TEXTAR,118.0,3.0
201 879,TEXTAR,118.0,6.0
201 879,TEXTAR,118.0,4.0
201 879,TEXTAR,118.0,2.0
464 048,LESJÖFORS,115.0,1.0
456 287,TOPRAN,5.0,1.0
235 943,COFLE,37.0,1.0
415 843,LUK INA FAG,8.0,1.0
430 499,SIDEM,64.0,2.0
441 619,LESJÖFORS,78.0,2.0
441 619,LESJÖFORS,78.0,4.0
441 619,LESJÖFORS,78.0,1.0
477 483,HART,22.0,1.0
477 483,HART,22.0,2.0
359 979,ORIGINAL IMPERIUM,7.0,1.0
465 267,HART,77.0,6.0
465 267,HART,77.0,1.0
465 267,HART,77.0,2.0
443 029,SKF,211.0,2.0
443 029,SKF,211.0,1.0
603 726,VIEROL,40.0,2.0
603 726,VIEROL,40.0,1.0
379 575,BLUE PRINT,78.0,1.0
527 478,NEW AGE,8.0,1.0
527 478,NEW AGE,8.0,2.0
527 478,NEW AGE,8.0,4.0
126 148,ROMIX PACZKI,9.0,1.0
458 582,BLUE PRINT,282.0,1.0
533 630,EPS,121.0,1.0
463 383,HART,22.0,1.0
463 383,HART,22.0,2.0
463 383,HART,22.0,6.0
309 712,VICTOR REINZ,87.0,1.0
342 031,FAI AutoParts,326.0,1.0
342 031,FAI AutoParts,326.0,2.0
373 083,HENGST FILTER,25.0,1.0
422 516,HART,22.0,4.0
422 516,HART,22.0,1.0
422 516,HART,22.0,2.0
116 160,IZAWIT,194.0,2.0
480 079,SIDEM,26.0,1.0
175 152,ABAKUS,165.0,2.0
175 152,ABAKUS,165.0,1.0
431 902,FEBI BILSTEIN,25.0,2.0
431 902,FEBI BILSTEIN,25.0,1.0
355 029,FILTRON,61.0,2.0
355 029,FILTRON,61.0,1.0
355 029,FILTRON,61.0,10.0
223 253,HART,25.0,1.0
223 253,HART,25.0,2.0
622 868,HART,37.0,1.0
514 221,HART,31.0,1.0
514 221,HART,31.0,6.0
459 092,LÖBRO,44.0,1.0
217 059,QUICK BRAKE,24.0,1.0
217 059,QUICK BRAKE,24.0,2.0
435 728,HART,55.0,1.0
435 728,HART,55.0,3.0
435 728,HART,55.0,2.0
435 728,HART,55.0,4.0
435 728,HART,55.0,8.0
074 500,PREMIEREUROPE,55.0,4.0
074 500,PREMIEREUROPE,55.0,1.0
624 314,ORIGINAL IMPERIUM,28.0,1.0
468 213,SACHS,151.0,2.0
526 767,HELLA,268.0,1.0
399 392,OSVAT,14.0,4.0
399 392,OSVAT,14.0,2.0
399 392,OSVAT,14.0,3.0
440 944,HART,24.0,2.0
440 944,HART,24.0,3.0
440 944,HART,24.0,4.0
440 944,HART,24.0,1.0
440 944,HART,24.0,8.0
030 375,AMTRA,122.0,6.0
030 375,AMTRA,122.0,1.0
030 375,AMTRA,122.0,2.0
030 375,AMTRA,122.0,4.0
030 375,AMTRA,122.0,5.0
030 375,AMTRA,122.0,3.0
482 609,TEDGUM,182.0,2.0
060 723,CONDORTOOLS II,189.0,4.0
060 723,CONDORTOOLS II,189.0,1.0
060 723,CONDORTOOLS II,189.0,2.0
060 723,CONDORTOOLS II,189.0,3.0
449 280,SIDEM,10.0,4.0
449 280,SIDEM,10.0,1.0
449 280,SIDEM,10.0,2.0
439 060,SIDEM,20.0,3.0
439 060,SIDEM,20.0,1.0
233 673,BLUE PRINT,79.0,1.0
365 506,PURFLUX,30.0,1.0
508 612,BOSCH,7.0,4.0
508 612,BOSCH,7.0,9.0
508 612,BOSCH,7.0,1.0
508 612,BOSCH,7.0,6.0
508 612,BOSCH,7.0,5.0
505 660,JANMOR,32.0,3.0
505 660,JANMOR,32.0,1.0
435 721,HART,30.0,1.0
435 721,HART,30.0,2.0
241 419,TRW,172.0,1.0
241 419,TRW,172.0,3.0
038 413,BOLL,8.0,6.0
038 413,BOLL,8.0,1.0
038 413,BOLL,8.0,2.0
038 413,BOLL,8.0,5.0
038 413,BOLL,8.0,3.0
038 413,BOLL,8.0,10.0
038 413,BOLL,8.0,7.0
453 089,LESJÖFORS,144.0,2.0
368 885,HART,30.0,1.0
368 929,HART,21.0,1.0
368 929,HART,21.0,4.0
625 087,Airstal,556.0,2.0
546 204,NGK,37.0,4.0
546 204,NGK,37.0,6.0
546 204,NGK,37.0,3.0
546 204,NGK,37.0,1.0
438 406,LEMFÖRDER,58.0,2.0
438 406,LEMFÖRDER,58.0,1.0
222 024,HART,15.0,1.0
469 679,TEDGUM,31.0,2.0
347 153,HART,25.0,1.0
347 153,HART,25.0,2.0
479 434,ORIGINAL IMPERIUM,178.0,1.0
036 423,RAVENOL,204.0,1.0
036 423,RAVENOL,204.0,2.0
036 423,RAVENOL,204.0,4.0
114 591,VALEO,139.0,1.0
374 064,GATES,257.0,1.0
040 327,CONDORTOOLS II,219.0,2.0
123 927,TYC,12.0,2.0
468 952,SKF,37.0,2.0
468 952,SKF,37.0,8.0
468 952,SKF,37.0,1.0
606 527,HART,346.0,1.0
606 527,HART,346.0,3.0
606 527,HART,346.0,2.0
074 415,PREMIEREUROPE,47.0,1.0
074 415,PREMIEREUROPE,47.0,2.0
543 714,AS-PL,134.0,1.0
521 666,EPS,73.0,1.0
059 932,OE,16.0,2.0
059 932,OE,16.0,1.0
059 932,OE,16.0,4.0
039 093,SUNSTAR,55.0,1.0
361 994,HART,30.0,1.0
361 994,HART,30.0,2.0
361 994,HART,30.0,3.0
074 502,PREMIEREUROPE,72.0,8.0
074 502,PREMIEREUROPE,72.0,2.0
074 502,PREMIEREUROPE,72.0,9.0
074 502,PREMIEREUROPE,72.0,1.0
238 948,TRW,301.0,1.0
215 792,BOSCH,109.0,1.0
511 500,NGK,33.0,4.0
511 500,NGK,33.0,5.0
511 500,NGK,33.0,9.0
511 500,NGK,33.0,8.0
563 608,HART,60.0,9.0
563 608,HART,60.0,2.0
563 608,HART,60.0,1.0
563 608,HART,60.0,3.0
331 835,FAI AutoParts,734.0,1.0
535 511,AS-PL ,4.0,1.0
607 522,HART,100.0,8.0
607 522,HART,100.0,9.0
607 522,HART,100.0,7.0
607 522,HART,100.0,6.0
607 522,HART,100.0,5.0
607 522,HART,100.0,3.0
607 522,HART,100.0,2.0
525 843,HART,29.0,2.0
525 843,HART,29.0,1.0
525 843,HART,29.0,10.0
368 620,UFI,292.0,1.0
368 620,UFI,292.0,4.0
185 111,KLOKKERHOLM,209.0,4.0
467 795,BLUE PRINT,53.0,1.0
056 339,PREMIEREUROPE,89.0,3.0
056 339,PREMIEREUROPE,89.0,2.0
056 339,PREMIEREUROPE,89.0,1.0
056 339,PREMIEREUROPE,89.0,4.0
170 561,FEBI BILSTEIN,25.0,2.0
170 561,FEBI BILSTEIN,25.0,1.0
305 691,HART,9.0,2.0
305 691,HART,9.0,1.0
526 216,HART,192.0,1.0
526 216,HART,192.0,2.0
465 679,TEDGUM,50.0,1.0
600 109,NISSENS,100.0,2.0
335 629,HART,64.0,1.0
038 414,ORLEN,12.0,1.0
038 414,ORLEN,12.0,2.0
038 414,ORLEN,12.0,5.0
344 317,HART,13.0,4.0
344 317,HART,13.0,2.0
344 317,HART,13.0,7.0
344 317,HART,13.0,3.0
344 317,HART,13.0,5.0
344 317,HART,13.0,10.0
344 317,HART,13.0,9.0
046 997,CONDORTOOLS II,119.0,1.0
253 746,HART,25.0,1.0
421 696,HART,82.0,1.0
421 696,HART,82.0,3.0
421 696,HART,82.0,2.0
375 600,BLUE PRINT,40.0,1.0
314 583,GATES,83.0,1.0
314 583,GATES,83.0,3.0
417 848,HART,9.0,1.0
417 848,HART,9.0,2.0
381 815,FEBI BILSTEIN,204.0,1.0
470 235,SASIC,71.0,1.0
438 857,SIDEM,54.0,2.0
438 857,SIDEM,54.0,6.0
438 857,SIDEM,54.0,4.0
438 857,SIDEM,54.0,8.0
438 857,SIDEM,54.0,3.0
218 850,HART,15.0,2.0
218 850,HART,15.0,3.0
218 850,HART,15.0,8.0
218 850,HART,15.0,4.0
218 850,HART,15.0,6.0
322 057,SACHS,131.0,1.0
012 712,NARZEDZIA WARSZTAT,10.0,1.0
012 712,NARZEDZIA WARSZTAT,10.0,2.0
012 712,NARZEDZIA WARSZTAT,10.0,3.0
260 668,BLUE PRINT,54.0,1.0
604 900,ORIGINAL IMPERIUM,21.0,1.0
038 882,SUNSTAR,39.0,1.0
441 889,LESJÖFORS,90.0,3.0
441 889,LESJÖFORS,90.0,2.0
465 733,FEBI BILSTEIN,18.0,1.0
465 733,FEBI BILSTEIN,18.0,2.0
110 831,TYC,51.0,1.0
509 838,JANMOR,12.0,1.0
560 911,BREMI,86.0,1.0
560 911,BREMI,86.0,4.0
560 911,BREMI,86.0,2.0
560 911,BREMI,86.0,3.0
130 952,HELLA,144.0,1.0
563 606,HART,45.0,1.0
563 606,HART,45.0,7.0
500 470,EPS,21.0,3.0
500 470,EPS,21.0,1.0
240 051,NG,160.0,1.0
056 111,LINDE,15.0,2.0
056 111,LINDE,15.0,1.0
417 995,HART,15.0,1.0
440 935,HART,22.0,7.0
440 935,HART,22.0,1.0
440 935,HART,22.0,2.0
515 379,AS-PL,24.0,1.0
064 816,HERTH+BUSS ELPARTS,65.0,4.0
064 816,HERTH+BUSS ELPARTS,65.0,2.0
064 816,HERTH+BUSS ELPARTS,65.0,1.0
535 206,CALORSTAT by Vernet,13.0,6.0
535 206,CALORSTAT by Vernet,13.0,1.0
535 206,CALORSTAT by Vernet,13.0,2.0
535 206,CALORSTAT by Vernet,13.0,8.0
527 474,NEW AGE,8.0,6.0
527 474,NEW AGE,8.0,5.0
527 474,NEW AGE,8.0,1.0
527 474,NEW AGE,8.0,2.0
527 474,NEW AGE,8.0,3.0
600 410,HELLA,99.0,2.0
167 696,IZAWIT,194.0,1.0
335 094,HART,145.0,2.0
335 094,HART,145.0,1.0
511 780,M.LINE AKUMULATORY 3,82.0,8.0
511 780,M.LINE AKUMULATORY 3,82.0,7.0
511 780,M.LINE AKUMULATORY 3,82.0,1.0
511 780,M.LINE AKUMULATORY 3,82.0,2.0
511 780,M.LINE AKUMULATORY 3,82.0,3.0
511 780,M.LINE AKUMULATORY 3,82.0,4.0
511 780,M.LINE AKUMULATORY 3,82.0,6.0
376 937,INA,41.0,8.0
614 446,SASIC,30.0,2.0
312 876,BOSCH,17.0,1.0
312 876,BOSCH,17.0,2.0
407 038,SI.CO.,60.0,1.0
552 064,NGK,37.0,4.0
552 064,NGK,37.0,8.0
552 064,NGK,37.0,7.0
552 064,NGK,37.0,5.0
334 261,HART,9.0,1.0
334 261,HART,9.0,2.0
019 648,VALEO,29.0,1.0
019 648,VALEO,29.0,2.0
079 951,MAGNUS,99.0,3.0
079 951,MAGNUS,99.0,5.0
079 951,MAGNUS,99.0,1.0
146 300,TYC,77.0,4.0
146 300,TYC,77.0,1.0
146 300,TYC,77.0,2.0
035 275,WERTHER,130.0,1.0
083 722,CONDORTOOLS II,79.0,8.0
083 722,CONDORTOOLS II,79.0,1.0
083 722,CONDORTOOLS II,79.0,3.0
083 722,CONDORTOOLS II,79.0,6.0
083 722,CONDORTOOLS II,79.0,2.0
438 418,HART,22.0,2.0
438 418,HART,22.0,4.0
438 418,HART,22.0,1.0
438 418,HART,22.0,3.0
475 962,HART,3.0,1.0
157 974,IZAWIT,194.0,1.0
484 452,LEMFÖRDER,199.0,1.0
335 626,HART,125.0,1.0
378 571,TOPRAN,65.0,1.0
443 542,SIDEM,59.0,2.0
529 652,AS-PL,261.0,1.0
529 652,AS-PL,261.0,2.0
260 455,TEXTAR,173.0,1.0
084 628,TOPEX,29.0,4.0
084 628,TOPEX,29.0,1.0
306 499,HIFLOFILTRO,46.0,1.0
203 870,OJD AUTOMOTIVE APS,15.0,1.0
328 672,MANN-FILTER,153.0,8.0
328 672,MANN-FILTER,153.0,1.0
328 672,MANN-FILTER,153.0,3.0
328 672,MANN-FILTER,153.0,4.0
328 672,MANN-FILTER,153.0,2.0
621 816,HART,21.0,4.0
547 541,HELLA,263.0,4.0
547 541,HELLA,263.0,1.0
083 609,NOCO,569.0,2.0
083 609,NOCO,569.0,1.0
607 899,SASIC,13.0,1.0
546 338,BLUE PRINT,60.0,1.0
382 757,M.LINE AKCESORIA,166.0,1.0
330 677,MANN-FILTER,62.0,1.0
085 452,PROFIEUROPE ,69.0,5.0
395 373,SUNSTAR,313.0,6.0
395 373,SUNSTAR,313.0,2.0
395 373,SUNSTAR,313.0,1.0
228 869,HART,77.0,4.0
228 869,HART,77.0,8.0
228 869,HART,77.0,10.0
228 869,HART,77.0,2.0
228 869,HART,77.0,6.0
563 618,Dr.Motor Automotive,120.0,3.0
563 618,Dr.Motor Automotive,120.0,1.0
563 618,Dr.Motor Automotive,120.0,5.0
129 031,ABAKUS,234.0,7.0
129 031,ABAKUS,234.0,1.0
129 031,ABAKUS,234.0,4.0
129 031,ABAKUS,234.0,2.0
460 733,SIDEM,148.0,3.0
460 733,SIDEM,148.0,1.0
527 476,NEW AGE,8.0,2.0
527 476,NEW AGE,8.0,1.0
527 476,NEW AGE,8.0,3.0
321 990,VICTOR REINZ,52.0,7.0
321 990,VICTOR REINZ,52.0,1.0
321 990,VICTOR REINZ,52.0,3.0
321 990,VICTOR REINZ,52.0,4.0
321 990,VICTOR REINZ,52.0,2.0
562 779,HART,71.0,2.0
562 779,HART,71.0,1.0
421 469,SIDEM,54.0,1.0
421 469,SIDEM,54.0,3.0
421 469,SIDEM,54.0,2.0
184 136,KLOKKERHOLM,1017.0,1.0
523 675,MEAT & DORIA,72.0,1.0
558 361,HART,70.0,3.0
558 361,HART,70.0,1.0
041 035,VALEO,22.0,2.0
041 035,VALEO,22.0,1.0
158 941,HART,21.0,2.0
158 941,HART,21.0,1.0
158 941,HART,21.0,4.0
158 941,HART,21.0,5.0
158 941,HART,21.0,3.0
625 270,Airstal,555.0,1.0
334 019,HART,15.0,2.0
334 019,HART,15.0,1.0
334 019,HART,15.0,3.0
305 585,HART,6.0,1.0
305 585,HART,6.0,2.0
305 585,HART,6.0,4.0
305 585,HART,6.0,3.0
126 196,ROMIX PACZKI,4.0,3.0
126 196,ROMIX PACZKI,4.0,1.0
381 721,FEBI BILSTEIN,54.0,2.0
381 721,FEBI BILSTEIN,54.0,1.0
534 369,HART,162.0,1.0
539 443,BREMI,101.0,1.0
539 443,BREMI,101.0,4.0
219 175,BOSCH,104.0,2.0
163 766,HELLA,860.0,1.0
231 299,ERT,29.0,1.0
522 088,AS-PL,28.0,1.0
364 899,LuK,2057.0,2.0
364 899,LuK,2057.0,1.0
361 883,SKF,206.0,1.0
531 165,DELPHI,195.0,1.0
531 165,DELPHI,195.0,2.0
518 587,HART,13.0,1.0
518 587,HART,13.0,3.0
518 587,HART,13.0,2.0
518 587,HART,13.0,9.0
518 587,HART,13.0,4.0
458 944,BLUE PRINT,5.0,1.0
160 816,IZAWIT,28.0,3.0
160 816,IZAWIT,28.0,1.0
160 816,IZAWIT,28.0,4.0
160 816,IZAWIT,28.0,2.0
503 895,EPS,58.0,1.0
389 734,VALEO,965.0,1.0
179 856,TYC,7.0,5.0
179 856,TYC,7.0,1.0
179 856,TYC,7.0,3.0
179 856,TYC,7.0,2.0
179 856,TYC,7.0,4.0
430 596,HART,21.0,1.0
430 596,HART,21.0,4.0
430 596,HART,21.0,2.0
430 596,HART,21.0,8.0
524 761,DELPHI,62.0,1.0
206 801,OJD AUTOMOTIVE APS,15.0,1.0
381 859,SASIC,122.0,1.0
422 976,SIDEM,10.0,2.0
486 472,FAG,24.0,2.0
486 472,FAG,24.0,1.0
486 472,FAG,24.0,3.0
390 161,COFLE,38.0,1.0
507 475,BOSCH,57.0,1.0
411 601,SI.CO.,150.0,1.0
154 639,HART,20.0,2.0
154 639,HART,20.0,1.0
232 372,HART,15.0,2.0
232 372,HART,15.0,1.0
313 563,BOSCH,19.0,1.0
056 345,MILWAUKEE,2049.0,1.0
056 338,PREMIEREUROPE,82.0,1.0
450 862,FEBI BILSTEIN,97.0,1.0
534 623,CALORSTAT by Vernet,13.0,1.0
534 623,CALORSTAT by Vernet,13.0,6.0
423 898,HART,7.0,3.0
423 898,HART,7.0,1.0
423 898,HART,7.0,2.0
432 254,LEMFÖRDER,361.0,1.0
432 254,LEMFÖRDER,361.0,2.0
422 191,HART,6.0,5.0
422 191,HART,6.0,10.0
422 191,HART,6.0,4.0
422 191,HART,6.0,6.0
464 695,HART,30.0,2.0
464 695,HART,30.0,1.0
453 136,LESJÖFORS,146.0,2.0
453 136,LESJÖFORS,146.0,1.0
360 041,BLUE PRINT,495.0,1.0
451 199,BLUE PRINT,6.0,1.0
484 067,SIDEM,61.0,1.0
224 337,OJD AUTOMOTIVE APS,3.0,4.0
224 337,OJD AUTOMOTIVE APS,3.0,2.0
224 337,OJD AUTOMOTIVE APS,3.0,1.0
621 256,VALEO,1075.0,1.0
200 707,LPR,58.0,1.0
036 464,RAVENOL,40.0,2.0
036 464,RAVENOL,40.0,6.0
036 464,RAVENOL,40.0,1.0
036 464,RAVENOL,40.0,3.0
036 464,RAVENOL,40.0,4.0
521 661,BOSCH,83.0,1.0
521 661,BOSCH,83.0,2.0
521 661,BOSCH,83.0,3.0
038 411,BOLL,8.0,2.0
038 411,BOLL,8.0,1.0
038 411,BOLL,8.0,3.0
038 411,BOLL,8.0,4.0
038 411,BOLL,8.0,6.0
038 489,LUKSELL,90.0,3.0
038 489,LUKSELL,90.0,1.0
036 716,TOTAL,20.0,2.0
036 716,TOTAL,20.0,1.0
037 463,MEAT & DORIA,89.0,1.0
037 463,MEAT & DORIA,89.0,2.0
006 336,AXES SYSTEM,250.0,1.0
377 345,SACHS,1226.0,1.0
516 389,NGK,46.0,2.0
516 389,NGK,46.0,4.0
516 389,NGK,46.0,5.0
516 389,NGK,46.0,8.0
516 389,NGK,46.0,6.0
013 863,NARZEDZIA WARSZTAT,10.0,2.0
013 863,NARZEDZIA WARSZTAT,10.0,1.0
482 306,NORMA,3.0,10.0
482 306,NORMA,3.0,1.0
482 306,NORMA,3.0,7.0
306 270,GATES,87.0,2.0
306 270,GATES,87.0,1.0
366 683,UFI,17.0,1.0
605 786,HART,134.0,2.0
605 786,HART,134.0,1.0
605 786,HART,134.0,4.0
061 845,PREMIEREUROPE,120.0,4.0
061 845,PREMIEREUROPE,120.0,1.0
562 616,HART,164.0,9.0
562 616,HART,164.0,1.0
408 202,HART,18.0,1.0
532 550,BREMI,173.0,1.0
532 550,BREMI,173.0,2.0
620 869,Airstal,555.0,3.0
620 869,Airstal,555.0,2.0
620 869,Airstal,555.0,1.0
330 913,HART,64.0,1.0
442 435,HART,9.0,2.0
442 435,HART,9.0,3.0
442 435,HART,9.0,4.0
486 285,KYB,115.0,2.0
039 739,K2,37.0,1.0
039 739,K2,37.0,2.0
039 739,K2,37.0,4.0
039 739,K2,37.0,3.0
083 946,CONDORTOOLS II,45.0,1.0
083 946,CONDORTOOLS II,45.0,2.0
354 421,ZWM CZAJA,20.0,3.0
354 421,ZWM CZAJA,20.0,1.0
085 196,CONDORTOOLS II,39.0,1.0
085 196,CONDORTOOLS II,39.0,3.0
085 196,CONDORTOOLS II,39.0,10.0
165 612,MIRAGLIO,227.0,1.0
485 465,HART,30.0,1.0
552 007,HART,573.0,1.0
076 726,Dr.Motor Automotive,12.0,1.0
076 726,Dr.Motor Automotive,12.0,2.0
514 853,HART,115.0,1.0
514 853,HART,115.0,5.0
465 503,HART,85.0,1.0
236 939,BOSCH,104.0,7.0
236 939,BOSCH,104.0,1.0
236 939,BOSCH,104.0,2.0
236 939,BOSCH,104.0,3.0
236 939,BOSCH,104.0,4.0
481 538,FEBI BILSTEIN,224.0,1.0
535 603,AS-PL,2.0,2.0
535 603,AS-PL,2.0,1.0
377 043,LuK,305.0,1.0
373 202,OE,293.0,1.0
079 276,CASTEX,131.0,6.0
079 276,CASTEX,131.0,4.0
435 651,HART,30.0,7.0
435 651,HART,30.0,2.0
435 651,HART,30.0,4.0
435 651,HART,30.0,1.0
564 090,AS-PL,22.0,1.0
085 434,CLIMA PARTNER,89.0,8.0
471 233,FEBI BILSTEIN,192.0,2.0
471 233,FEBI BILSTEIN,192.0,1.0
471 233,FEBI BILSTEIN,192.0,5.0
471 233,FEBI BILSTEIN,192.0,4.0
471 233,FEBI BILSTEIN,192.0,6.0
453 018,LESJÖFORS,171.0,1.0
477 951,LEMFÖRDER,170.0,3.0
477 951,LEMFÖRDER,170.0,1.0
543 410,AS-PL,67.0,1.0
438 994,SIDEM,59.0,1.0
101 456,JMJ,647.0,2.0
421 530,SIDEM,30.0,1.0
619 218,HART,9.0,4.0
619 218,HART,9.0,1.0
515 311,HART,15.0,1.0
515 311,HART,15.0,2.0
515 311,HART,15.0,5.0
515 311,HART,15.0,4.0
085 454,PROFIEUROPE ,62.0,8.0
025 132,CONDORTOOLS II,29.0,1.0
215 092,LPR,14.0,1.0
434 574,SIDEM,54.0,1.0
518 825,NGK,221.0,1.0
